Feature 1,Feature 2,Count,Spearman Correlation,Spearman P-Value
A1BG,A1CF,44,-0.04874744380319579,0.7533448291724265
A1BG,A2M,44,0.1758443364005115,0.25355213879237193
A1BG,A2ML1,44,-0.034996625038923805,0.8215690258169268
A1BG,A3GALT2,44,-0.03852064337749731,0.8039385026310145
A1BG,A4GALT,44,0.23404630198821602,0.12623462164755647
A1BG,A4GNT,44,0.1363231688414867,0.37758074758065896
A1BG,AAAS,44,0.2933154799382581,0.053314749144118545
A1BG,AACS,44,0.22743771378255032,0.13760846749819797
A1BG,AADAC,44,-0.20020459045087663,0.1925700034966815
A1BG,AADACL2,44,-0.18107273709530491,0.2394842244096052
A1BG,AADACL3,44,0.05456792784901869,0.7249847486452987
A1BG,AADACL4,44,-0.01661479965913153,0.9147535613574542
A1BG,AADAT,44,0.1321446190711114,0.3925109453277952
A1BG,AAGAB,44,0.05933965259683164,0.7020010326504071
A1BG,AAK1,44,0.23313013157995138,0.12776784209458372
A1BG,AAMDC,44,0.24856407922687077,0.10374344755299052
A1BG,AAMP,44,0.20289650810721885,0.18653281938207
A1BG,AANAT,44,0.25695256910057757,0.09222701464493319
A1BG,AAR2,44,0.12255541076709052,0.4280507104558199
A1BG,AARD,44,0.3093297968298131,0.04103211630867772
A1BG,AARS1,44,0.055111173789456465,0.7223556004421251
A1BG,AARS2,44,0.2774684614842483,0.06822432856533799
A1BG,AARSD1,44,-0.1739314282766989,0.25883491624694
A1BG,AASDH,44,0.11382056522658396,0.4619371466652613
A1BG,AASDHPPT,44,-0.08590859443650566,0.5792539493135715
A1BG,AASS,44,0.05666560950764501,0.7148501261264316
A1BG,AATF,44,-0.05024842316097501,0.7459989096565102
A1BG,AATK,44,0.1663083709735646,0.28061347355707533
A1BG,ABAT,44,0.26506448657410664,0.08205649242803449
A1BG,ABCA1,44,0.17705102947839466,0.25025715586323266
A1BG,minimum_N_F1,44,-0.012403537834967185,0.9363086920419066
A1BG,1thPercentile_N_F1,44,0.22086754303856335,0.14965402774599793
A1BG,5thPercentile_N_F1,44,0.12178018965240507,0.43100050297115433
A1BG,10thPercentile_N_F1,44,0.08393530432639724,0.5880300465784787
A1BG,25thPercentile_N_F1,44,0.05349025691329598,0.7302095869300125
A1BG,median_N_F1,44,0.039042954321430796,0.8013333381448418
A1BG,mean_N_F1,44,0.12593819381299068,0.4153122053841687
A1BG,75thPercentile_N_F1,44,-0.06680996515652779,0.6665475339357164
A1BG,90thPercentile_N_F1,44,-0.02537087284425106,0.870146259742097
A1BG,95thPercentile_N_F1,44,-0.02959935165162623,0.8487377040067705
A1BG,99thPercentile_N_F1,44,-0.0025370872844251054,0.9869594281281656
A1BG,maximum_N_F1,44,-0.023468057380932224,0.8798110613512163
A1CF,A2M,44,0.3134831822928535,0.03825605037651345
A1CF,A2ML1,44,-0.09736169602001098,0.5295266718568246
A1CF,A3GALT2,44,-0.05764455802301646,0.7101368982879577
A1CF,A4GALT,44,-0.26029060570973367,0.08792978950371981
A1CF,A4GNT,44,0.284311270585269,0.061425388347007615
A1CF,AAAS,44,-0.05930488932536305,0.7021675577883781
A1CF,AACS,44,-0.12870791278431223,0.4050450225840502
A1CF,AADAC,44,0.3273576293054691,0.03007580872725328
A1CF,AADACL2,44,0.31334666806688827,0.03834478312480323
A1CF,AADACL3,44,-0.32969481856475014,0.02885211299640942
A1CF,AADACL4,44,0.19953106764562717,0.19410192037406515
A1CF,AADAT,44,0.1065355856411089,0.4912664972812787
A1CF,AAGAB,44,-0.009040379470329735,0.9535559651159463
A1CF,AAK1,44,0.026108615910312275,0.866404051005177
A1CF,AAMDC,44,0.045418866458936585,0.7697112871695646
A1CF,AAMP,44,0.129819849193935,0.4009646535572887
A1CF,AANAT,44,-0.060300360775750426,0.6974044703312152
A1CF,AAR2,44,0.11716331793547335,0.4488017028310438
A1CF,AARD,44,-0.004750400753837145,0.9755856716536231
A1CF,AARS1,44,0.10609789346378977,0.4930587972990361
A1CF,AARS2,44,0.0006870930506385164,0.996468216658726
A1CF,AARSD1,44,0.20358934567182557,0.1850010392882492
A1CF,AASDH,44,-0.07080674700790605,0.6478640008491368
A1CF,AASDHPPT,44,0.25255204088313143,0.09813830222428122
A1CF,AASS,44,0.16017065066640035,0.2989955383121974
A1CF,AATF,44,0.09618963756430837,0.5345177826211522
A1CF,AATK,44,-0.004339993886389458,0.9776943722457896
A1CF,ABAT,44,0.1278354702109029,0.4082632248461644
A1CF,ABCA1,44,0.2746395999955315,0.0712035946639794
A1CF,minimum_N_F1,44,-0.09401994649142924,0.5438171814744525
A1CF,1thPercentile_N_F1,44,0.05539944539418061,0.7209617319751208
A1CF,5thPercentile_N_F1,44,0.0007955533933890166,0.9959107151395502
A1CF,10thPercentile_N_F1,44,-0.04339382145758273,0.779717436360205
A1CF,25thPercentile_N_F1,44,-0.1369075066986735,0.37552011459078005
A1CF,median_N_F1,44,-0.11065424471683595,0.4745675649139607
A1CF,mean_N_F1,44,-0.04245362199266843,0.7843752405352327
A1CF,75thPercentile_N_F1,44,-0.1369075066986735,0.37552011459078005
A1CF,90thPercentile_N_F1,44,-0.01157168572202206,0.9405722995053015
A1CF,95thPercentile_N_F1,44,-0.07702403308720933,0.619223993846674
A1CF,99thPercentile_N_F1,44,-0.06487376307908617,0.6756716704012196
A1CF,maximum_N_F1,44,-0.03695707127470795,0.8117496827891821
A2M,A2ML1,44,0.11701471852768909,0.44938125289377273
A2M,A3GALT2,44,-0.02221149433034797,0.8862029736230324
A2M,A4GALT,44,-0.2914654657955118,0.05490662873689502
A2M,A4GNT,44,0.046545510940540664,0.7641601576946114
A2M,AAAS,44,0.0298938939277448,0.8472502682066403
A2M,AACS,44,0.17979906164270335,0.24286133818331615
A2M,AADAC,44,0.4097281535586724,0.00574489098040694
A2M,AADACL2,44,0.09235065137385987,0.5510242446368661
A2M,AADACL3,44,0.33652212647462615,0.02551181559113765
A2M,AADACL4,44,0.3979631181616981,0.007466366918341649
A2M,AADAT,44,0.17207221450900093,0.2640393612857209
A2M,AAGAB,44,-0.018331161370786903,0.9059848793006864
A2M,AAK1,44,0.040258050548920475,0.7952810003856665
A2M,AAMDC,44,0.2483167321073518,0.10409900647564263
A2M,AAMP,44,0.2052385028860026,0.18139108170179066
A2M,AANAT,44,0.14563629126570485,0.345541132015864
A2M,AAR2,44,0.04237318455324204,0.7847740808108856
A2M,AARD,44,0.22380575621020296,0.1441748057796325
A2M,AARS1,44,-0.010152643220743517,0.9478492419041091
A2M,AARS2,44,0.021293099275442855,0.890879226541043
A2M,AARSD1,44,-0.1864138102475407,0.22567080046661145
A2M,AASDH,44,0.16195446700560343,0.29357510530707304
A2M,AASDHPPT,44,0.3336976414151324,0.02685236143817617
A2M,AASS,44,0.14059581526100018,0.36266863957280027
A2M,AATF,44,-0.15821202352325311,0.3050208246309202
A2M,AATK,44,0.238867550720409,0.11839288311063456
A2M,ABAT,44,0.31996054474158825,0.03423519240764389
A2M,ABCA1,44,-0.045832748582494566,0.7676706958652345
A2M,minimum_N_F1,44,-0.2870941888532472,0.058819919070374614
A2M,1thPercentile_N_F1,44,-0.08813058351339859,0.5694433435319145
A2M,5thPercentile_N_F1,44,-0.09278387832290604,0.5491494756377349
A2M,10thPercentile_N_F1,44,-0.09151479792031308,0.554649910653485
A2M,25thPercentile_N_F1,44,-0.11731943277303618,0.44819328260902336
A2M,median_N_F1,44,-0.08122114576594813,0.6001968849430002
A2M,mean_N_F1,44,-0.09511052572765975,0.5391332251923266
A2M,75thPercentile_N_F1,44,-0.16582650593881076,0.28202925849022314
A2M,90thPercentile_N_F1,44,-0.10892940122256065,0.4815240584466224
A2M,95thPercentile_N_F1,44,-0.13854127728306256,0.36979434566647396
A2M,99thPercentile_N_F1,44,-0.1711848454164254,0.26654769711323917
A2M,maximum_N_F1,44,-0.0024676563383751603,0.9873162722555504
A2ML1,A3GALT2,44,-0.02066452290721813,0.8940819101697393
A2ML1,A4GALT,44,-0.0722070394116226,0.6413676344383625
A2ML1,A4GNT,44,-0.16836569452316724,0.2746211807891639
A2ML1,AAAS,44,-0.11796199507839335,0.4456938095382399
A2ML1,AACS,44,0.19186262071884086,0.2121539944269495
A2ML1,AADAC,44,0.1071286399092201,0.4888433981746967
A2ML1,AADACL2,44,-0.07563580649016728,0.6255726954452181
A2ML1,AADACL3,44,0.3493799290978187,0.0200936055367999
A2ML1,AADACL4,44,-0.10804528239552263,0.4851104295831602
A2ML1,AADAT,44,0.04114516386087977,0.7908697951052306
A2ML1,AAGAB,44,0.06477185911577234,0.6761531700278707
A2ML1,AAK1,44,-0.1341907059164511,0.38515754013279724
A2ML1,AAMDC,44,0.10938294089087384,0.4796897153232965
A2ML1,AAMP,44,0.19738973843117816,0.19902955687481366
A2ML1,AANAT,44,0.20996901295274378,0.17131626530644378
A2ML1,AAR2,44,-0.042966763055826904,0.7818321751277985
A2ML1,AARD,44,0.09603138327118414,0.5351934437354098
A2ML1,AARS1,44,0.06705960689911089,0.6653745434113323
A2ML1,AARS2,44,0.11739419471688026,0.4479020757901696
A2ML1,AARSD1,44,-0.12160809310808914,0.4316568849206369
A2ML1,AASDH,44,0.10073594418762744,0.515286456718328
A2ML1,AASDHPPT,44,0.013297533990655249,0.9317285339678683
A2ML1,AASS,44,-0.1783139094737429,0.24683974325728103
A2ML1,AATF,44,-0.0005004448276053051,0.997427618696681
A2ML1,AATK,44,0.31611121191414754,0.036580390874793936
A2ML1,ABAT,44,0.12297077643911938,0.42647487497016956
A2ML1,ABCA1,44,-0.04522354553438883,0.7706748262710129
A2ML1,minimum_N_F1,44,-0.21261755961402537,0.16585505913748158
A2ML1,1thPercentile_N_F1,44,-0.08714889212155241,0.5737683116281156
A2ML1,5thPercentile_N_F1,44,-0.06898989409130278,0.6563315235395084
A2ML1,10thPercentile_N_F1,44,0.007149211822932931,0.9632641523578556
A2ML1,25thPercentile_N_F1,44,-0.07706850345121699,0.6190210684719953
A2ML1,median_N_F1,44,-0.12604060443830756,0.4149299576502413
A2ML1,mean_N_F1,44,-0.05333312019907966,0.7309724435584932
A2ML1,75thPercentile_N_F1,44,-0.09494153300854931,0.539857758671956
A2ML1,90thPercentile_N_F1,44,-0.14612988966074908,0.3438910475132896
A2ML1,95thPercentile_N_F1,44,-0.09008006896895492,0.5608993910086273
A2ML1,99thPercentile_N_F1,44,-0.032886374385491475,0.8321688506562778
A2ML1,maximum_N_F1,44,-0.10509341379711407,0.49718475780743776
A3GALT2,A4GALT,44,0.22434431435408156,0.14318678062460902
A3GALT2,A4GNT,44,-0.01841960783339178,0.9055333073064685
A3GALT2,AAAS,44,-0.13087676725554784,0.3971083288248912
A3GALT2,AACS,44,0.14487380727433002,0.3480996336556307
A3GALT2,AADAC,44,0.09200459280659103,0.5525239728728553
A3GALT2,AADACL2,44,0.16217979021827694,0.29289497099533535
A3GALT2,AADACL3,44,-0.034215296686787966,0.8254900977520659
A3GALT2,AADACL4,44,0.08781467047175226,0.5708335016738202
A3GALT2,AADAT,44,-0.15930006699339666,0.3016641791019414
A3GALT2,AAGAB,44,-0.20580621415757902,0.18016011436482154
A3GALT2,AAK1,44,-0.1980357529973684,0.19753375654098812
A3GALT2,AAMDC,44,-0.1282126091434756,0.4068702651994931
A3GALT2,AAMP,44,-0.048842898721324045,0.7528770157514852
A3GALT2,AANAT,44,0.32818908124967966,0.029635646819325862
A3GALT2,AAR2,44,-0.15663029567224596,0.30994292978698984
A3GALT2,AARD,44,0.004619650843474767,0.9762574571127611
A3GALT2,AARS1,44,-0.0774825984261004,0.6171328320917153
A3GALT2,AARS2,44,0.06793842578394338,0.6612515330732258
A3GALT2,AARSD1,44,0.028861712880782386,0.8524650406051701
A3GALT2,AASDH,44,-0.18827380740125485,0.2209917261388479
A3GALT2,AASDHPPT,44,-0.12010912821925593,0.43739754444928847
A3GALT2,AASS,44,-0.13826844977791425,0.3707468514638057
A3GALT2,AATF,44,0.2563142116989482,0.09306701059476513
A3GALT2,AATK,44,-0.1613153104487515,0.2955099405914557
A3GALT2,ABAT,44,-0.07770734975287642,0.6161090053792327
A3GALT2,ABCA1,44,0.00160976570054599,0.9917256282012665
A3GALT2,minimum_N_F1,44,0.14719473569199015,0.3403478460308823
A3GALT2,1thPercentile_N_F1,44,0.3350178825930817,0.0262186352131278
A3GALT2,5thPercentile_N_F1,44,0.3772003860342252,0.011601533736223283
A3GALT2,10thPercentile_N_F1,44,0.3557761145496444,0.017781302338315184
A3GALT2,25thPercentile_N_F1,44,0.37808843873824927,0.011391186547925475
A3GALT2,median_N_F1,44,0.34400941622132547,0.022225677744253595
A3GALT2,mean_N_F1,44,0.3915202358866134,0.008585714702856432
A3GALT2,75thPercentile_N_F1,44,0.40761619114704967,0.006025729551431746
A3GALT2,90thPercentile_N_F1,44,0.36310254935784303,0.015412758556049587
A3GALT2,95thPercentile_N_F1,44,0.325693329200829,0.030973144039636157
A3GALT2,99thPercentile_N_F1,44,0.34212230422527434,0.023018493483688476
A3GALT2,maximum_N_F1,44,0.22290122871004242,0.14584554803102762
A4GALT,A4GNT,44,0.08296395787226633,0.592371696188543
A4GALT,AAAS,44,-0.017477096546863986,0.9103468766930203
A4GALT,AACS,44,0.0798505886823469,0.6063821108133811
A4GALT,AADAC,44,-0.1323218545642952,0.39187075547796457
A4GALT,AADACL2,44,-0.08165737654607648,0.5982339934554287
A4GALT,AADACL3,44,0.041868915417336776,0.7872756817847911
A4GALT,AADACL4,44,-0.03975887099577126,0.7977659754803111
A4GALT,AADAT,44,-0.13728461194611405,0.37419383664737305
A4GALT,AAGAB,44,0.34277660324171955,0.022740970304957756
A4GALT,AAK1,44,0.23241719520789286,0.12897057196442524
A4GALT,AAMDC,44,-0.0773784355179704,0.6176075767607463
A4GALT,AAMP,44,-0.048484848484848485,0.7546322280942588
A4GALT,AANAT,44,-0.14271110759712163,0.3554194628955596
A4GALT,AAR2,44,0.23128964059196616,0.13089004177174055
A4GALT,AARD,44,-0.33921195017712863,0.02428750964802669
A4GALT,AARS1,44,-0.043974630021141645,0.7768438686868856
A4GALT,AARS2,44,0.2801367209886054,0.06550555184482573
A4GALT,AARSD1,44,-0.0383368569415081,0.8048556872553524
A4GALT,AASDH,44,0.08097536916123463,0.601304031772384
A4GALT,AASDHPPT,44,-0.08780831571529245,0.5708614814062094
A4GALT,AASS,44,-0.1568116150204959,0.30937613969838396
A4GALT,AATF,44,0.19661733615221985,0.2008284483779742
A4GALT,AATK,44,0.09818156285875987,0.526048968639049
A4GALT,ABAT,44,-0.11071567010644003,0.4743208142379681
A4GALT,ABCA1,44,0.21327131246503783,0.16452668710561524
A4GALT,minimum_N_F1,44,-0.01818181818181818,0.9067474318631313
A4GALT,1thPercentile_N_F1,44,0.22762508809020435,0.13727583947879132
A4GALT,5thPercentile_N_F1,44,0.2059196617336152,0.17991484498296137
A4GALT,10thPercentile_N_F1,44,0.1778717406624383,0.24803266968648824
A4GALT,25thPercentile_N_F1,44,0.18449612403100776,0.23056590075351727
A4GALT,median_N_F1,44,0.1708245243128964,0.2675707162406376
A4GALT,mean_N_F1,44,0.2310077519379845,0.13137322830659148
A4GALT,75thPercentile_N_F1,44,0.1427766032417195,0.35519642312292854
A4GALT,90thPercentile_N_F1,44,0.1854827343199436,0.22803846506053344
A4GALT,95thPercentile_N_F1,44,0.16039464411557433,0.2983113846061164
A4GALT,99thPercentile_N_F1,44,0.2824524312896406,0.06321641454645369
A4GALT,maximum_N_F1,44,0.2739957716701903,0.07189580106691047
A4GNT,AAAS,44,0.25847564116411254,0.09024655420609802
A4GNT,AACS,44,0.10939854910482892,0.479626653296889
A4GNT,AADAC,44,-0.09027631364739352,0.5600426404690461
A4GNT,AADACL2,44,0.37472683483702324,0.012205016892229168
A4GNT,AADACL3,44,-0.22646342480170745,0.13934768961117952
A4GNT,AADACL4,44,0.19298020402481586,0.20945282744059035
A4GNT,AADAT,44,0.3484609016766649,0.020445748822006525
A4GNT,AAGAB,44,0.4175375741881817,0.004802810315600347
A4GNT,AAK1,44,0.4666722630314981,0.0014069917081476124
A4GNT,AAMDC,44,0.31812386604813847,0.03533825405893425
A4GNT,AAMP,44,0.23773465169604593,0.12020157284223695
A4GNT,AANAT,44,0.22631266236072398,0.13961826897107482
A4GNT,AAR2,44,0.3226296672084426,0.03268286290177368
A4GNT,AARD,44,-0.13849243419154822,0.3699647607348011
A4GNT,AARS1,44,0.01680735353446775,0.9137693097320656
A4GNT,AARS2,44,0.3165615662604513,0.036299380869615254
A4GNT,AARSD1,44,0.16070690805084692,0.297359305007971
A4GNT,AASDH,44,0.20541455451875648,0.18100870753270348
A4GNT,AASDHPPT,44,0.2207127362015637,0.14994690056501658
A4GNT,AASS,44,0.061297519831865564,0.6926448018489647
A4GNT,AATF,44,0.22407420690845725,0.14368168524404978
A4GNT,AATK,44,-0.09928466142945161,0.5213876778241524
A4GNT,ABAT,44,0.3299363997197157,0.028728016995150683
A4GNT,ABCA1,44,0.45409687203818666,0.001960177478751019
A4GNT,minimum_N_F1,44,-0.11128613659417794,0.47203245338104827
A4GNT,1thPercentile_N_F1,44,-0.02846522002858793,0.8544698630048992
A4GNT,5thPercentile_N_F1,44,-0.011729387147458343,0.9397638807021964
A4GNT,10thPercentile_N_F1,44,0.042268706122852925,0.7852922070395363
A4GNT,25thPercentile_N_F1,44,0.05585763025710345,0.7187481275718857
A4GNT,median_N_F1,44,0.07109152941813165,0.6465406966138172
A4GNT,mean_N_F1,44,-0.0016449750267776943,0.9915446548724126
A4GNT,75thPercentile_N_F1,44,0.031039963548761717,0.8414676613453008
A4GNT,90thPercentile_N_F1,44,0.08038921435209255,0.603948054755825
A4GNT,95thPercentile_N_F1,44,0.022242923188167955,0.886043011872446
A4GNT,99thPercentile_N_F1,44,0.18545305410585053,0.2281142193048186
A4GNT,maximum_N_F1,44,0.12487506072842845,0.4192921788813324
AAAS,AACS,44,0.05278737062937142,0.7336238995371334
AAAS,AADAC,44,-0.2635005397587045,0.08394583002419069
AAAS,AADACL2,44,0.08875801798486575,0.5666869803091219
AAAS,AADACL3,44,-0.1909810176931151,0.21430184735669594
AAAS,AADACL4,44,-0.2538229372990904,0.09640192240749847
AAAS,AADAT,44,0.37520701950775726,0.012085811974984307
AAAS,AAGAB,44,0.29654686398872443,0.05062349860763605
AAAS,AAK1,44,0.20563777307963355,0.1805247190892891
AAAS,AAMDC,44,0.007188160676532768,0.9630641532018344
AAAS,AAMP,44,0.2081747709654686,0.17508890535808128
AAAS,AANAT,44,0.03352511182424964,0.8289572656452207
AAAS,AAR2,44,0.2617336152219873,0.08612101882590782
AAAS,AARD,44,-0.06430893222108063,0.6783421199825765
AAAS,AARS1,44,0.4690627202255108,0.0013191613204646738
AAAS,AARS2,44,0.48268085586187637,0.0009055664584262924
AAAS,AARSD1,44,0.45341789992952786,0.0019948819760555532
AAAS,AASDH,44,0.3311603652642659,0.028106073621061097
AAAS,AASDHPPT,44,0.2149400986610289,0.16117089518047065
AAAS,AASS,44,0.18768059811217103,0.22247668521480285
AAAS,AATF,44,0.351092318534179,0.019451067927068168
AAAS,AATK,44,0.1196786028242457,0.43905414138581667
AAAS,ABAT,44,-0.01472920117902353,0.9243983544800393
AAAS,ABCA1,44,0.0871832827228195,0.57361654618638
AAAS,minimum_N_F1,44,0.09302325581395349,0.5481148834408933
AAAS,1thPercentile_N_F1,44,-0.116138125440451,0.4528083500595127
AAAS,5thPercentile_N_F1,44,-0.13276955602536997,0.39025634075275584
AAAS,10thPercentile_N_F1,44,-0.18224101479915433,0.2364147590337455
AAAS,25thPercentile_N_F1,44,-0.14968287526427063,0.3321570074059139
AAAS,median_N_F1,44,-0.10754052149400987,0.48716419346145157
AAAS,mean_N_F1,44,-0.17744890768146582,0.24917706089847683
AAAS,75thPercentile_N_F1,44,-0.05073995771670191,0.7435980908369932
AAAS,90thPercentile_N_F1,44,-0.1799859055673009,0.24236391801707977
AAAS,95thPercentile_N_F1,44,-0.2138125440451022,0.16343280535662433
AAAS,99thPercentile_N_F1,44,-0.08019732205778717,0.6048147333742725
AAAS,maximum_N_F1,44,-0.20718816067653276,0.17718866874755954
AACS,AADAC,44,-0.09196016705049427,0.5527166423094465
AACS,AADACL2,44,0.14557340872974836,0.34575169511868453
AACS,AADACL3,44,0.03284685252854309,0.8323676566675897
AACS,AADACL4,44,-0.05964250977846977,0.7005508518438853
AACS,AADAT,44,0.16129259621672337,0.29557885149272034
AACS,AAGAB,44,0.27042074913871583,0.07583661293956112
AACS,AAK1,44,0.23694411222422795,0.12147597697022393
AACS,AAMDC,44,0.24497850508370503,0.10898942275801138
AACS,AAMP,44,0.3368102059249213,0.025378280779383363
AACS,AANAT,44,0.014152123514879395,0.9273522995112562
AACS,AAR2,44,-0.0005638170427703222,0.9971018747978015
AACS,AARD,44,0.18905331653317764,0.2190508408317256
AACS,AARS1,44,0.11403199690029768,0.4611002419489416
AACS,AARS2,44,0.18254219978209027,0.23562780967789582
AACS,AARSD1,44,0.05377405045421949,0.728832497463721
AACS,AASDH,44,0.361912816942484,0.015778111876494125
AACS,AASDHPPT,44,-0.06371132583304642,0.6811717724663153
AACS,AASS,44,0.019453058923033548,0.9002591407155811
AACS,AATF,44,-0.1891606178494431,0.21878459993234037
AACS,AATK,44,0.20991048194812056,0.17143840167057742
AACS,ABAT,44,0.4825739157945838,0.0009083006536528649
AACS,ABCA1,44,-0.18026431729256256,0.24162400591170646
AACS,minimum_N_F1,44,-0.25160335533625633,0.09945007470299917
AACS,1thPercentile_N_F1,44,0.031080414482714015,0.8412637108392002
AACS,5thPercentile_N_F1,44,0.03650715351937837,0.8140007347734088
AACS,10thPercentile_N_F1,44,0.08654591606524446,0.5764322142937585
AACS,25thPercentile_N_F1,44,0.16315455675166202,0.28996440797886175
AACS,median_N_F1,44,0.2525195580307581,0.09818299578109906
AACS,mean_N_F1,44,0.12079780141354153,0.43475485694573324
AACS,75thPercentile_N_F1,44,0.3022059349248927,0.04617524512668791
AACS,90thPercentile_N_F1,44,0.28197899851550745,0.06367915706932371
AACS,95thPercentile_N_F1,44,0.10254422465385236,0.5077347324855983
AACS,99thPercentile_N_F1,44,0.12530833775570413,0.41766754830475206
AACS,maximum_N_F1,44,-0.03467474813037482,0.8231838404228539
AADAC,AADACL2,44,0.3635481617279429,0.015277775510807933
AADAC,AADACL3,44,0.28352347351250634,0.06217943745030934
AADAC,AADACL4,44,0.49763689956227847,0.0005882530319435522
AADAC,AADAT,44,-0.06894983218597285,0.6565187190704047
AADAC,AAGAB,44,-0.014789753722899087,0.924088455679191
AADAC,AAK1,44,-0.14839767382831598,0.336372380765393
AADAC,AAMDC,44,0.17233278251030243,0.2633058006231699
AADAC,AAMP,44,0.14446802911933312,0.3494659342592533
AADAC,AANAT,44,0.07363172797088062,0.6347851404723082
AADAC,AAR2,44,0.29472335317371373,0.052128383698899806
AADAC,AARD,44,0.06820871172279301,0.6599854587011
AADAC,AARS1,44,-0.10888688248163385,0.4816962140703688
AADAC,AARS2,44,-0.18402102880308094,0.23178978879219894
AADAC,AARSD1,44,-0.1809065527844468,0.23992303746449478
AADAC,AASDH,44,-0.1256101606040832,0.4165379384709975
AADAC,AASDHPPT,44,-0.021863114199068216,0.8879764029766073
AADAC,AASS,44,0.004465820078209707,0.9770478514138761
AADAC,AATF,44,-0.06308865960057919,0.6841246887646177
AADAC,AATK,44,0.09403893586183056,0.5437354569670623
AADAC,ABAT,44,0.0014290120660305254,0.9926546947592507
AADAC,ABCA1,44,0.056628594277917665,0.7150285460697623
AADAC,minimum_N_F1,44,0.10560027054321185,0.4951006006277461
AADAC,1thPercentile_N_F1,44,0.2410658408746933,0.11494206028100049
AADAC,5thPercentile_N_F1,44,0.20119780909992188,0.1903266005494898
AADAC,10thPercentile_N_F1,44,0.1856221264352262,0.22768291888213688
AADAC,25thPercentile_N_F1,44,0.10610040714253693,0.49304849443867216
AADAC,median_N_F1,44,0.056229643381263676,0.7169525106623649
AADAC,mean_N_F1,44,0.17826297361658563,0.24697696525964877
AADAC,75thPercentile_N_F1,44,-0.03200874235680576,0.8365860000546919
AADAC,90thPercentile_N_F1,44,0.005358606421340249,0.9724609729313678
AADAC,95thPercentile_N_F1,44,0.006716120048079778,0.9654881903142862
AADAC,99thPercentile_N_F1,44,0.00200054639730036,0.9897170693871722
AADAC,maximum_N_F1,44,0.21384412025428487,0.16336915028195217
AADACL2,AADACL3,44,0.0898706161227151,0.5618144788276769
AADACL2,AADACL4,44,0.2902919115833034,0.05593607842708406
AADACL2,AADAT,44,0.06390802485716646,0.6802399273497838
AADACL2,AAGAB,44,0.19526763956670465,0.2039992195659059
AADACL2,AAK1,44,0.05325481079091945,0.731352710552285
AADACL2,AAMDC,44,0.18816699812791535,0.2212585911096726
AADACL2,AAMP,44,0.18816699812791535,0.2212585911096726
AADACL2,AANAT,44,0.15289562674093016,0.32176404859634267
AADACL2,AAR2,44,0.23787148819944023,0.11998201100073991
AADACL2,AARD,44,-0.007120490058569952,0.963411637680577
AADACL2,AARS1,44,-0.1313618666176013,0.3953456153022512
AADACL2,AARS2,44,0.003550445825398136,0.981751538364779
AADACL2,AARSD1,44,0.06035545222970871,0.6971412044880947
AADACL2,AASDH,44,0.10296292893654593,0.5059941628302904
AADACL2,AASDHPPT,44,0.06035545222970871,0.6971412044880947
AADACL2,AASS,44,-0.08876427361570023,0.5666595299619469
AADACL2,AATF,44,0.07455673510728722,0.6305261375747966
AADACL2,AATK,44,-0.10297381546050924,0.5059489475324113
AADACL2,ABAT,44,0.024853120777786952,0.8727742415749258
AADACL2,ABCA1,44,0.07101392154173161,0.6469012121391551
AADACL2,minimum_N_F1,44,0.0035503207193946303,0.9817521812723308
AADACL2,1thPercentile_N_F1,44,0.1526637909339691,0.322507091374043
AADACL2,5thPercentile_N_F1,44,0.11005994230123352,0.4769584299237236
AADACL2,10thPercentile_N_F1,44,0.12426122517881204,0.42159995806944317
AADACL2,25thPercentile_N_F1,44,0.11716058374002276,0.44881236272744796
AADACL2,median_N_F1,44,0.08165737654607648,0.5982339934554287
AADACL2,mean_N_F1,44,0.12426122517881204,0.42159995806944317
AADACL2,75thPercentile_N_F1,44,0.12426122517881204,0.42159995806944317
AADACL2,90thPercentile_N_F1,44,0.03195288647455167,0.8368672941029546
AADACL2,95thPercentile_N_F1,44,-0.06745609366849796,0.6635131949693105
AADACL2,99thPercentile_N_F1,44,-0.0035503207193946303,0.9817521812723308
AADACL2,maximum_N_F1,44,-0.11005994230123352,0.4769584299237236
AADACL3,AADACL4,44,0.3087362007447581,0.041441970873055387
AADACL3,AADAT,44,-0.04454631802290084,0.7740182961081699
AADACL3,AAGAB,44,-0.0020986925021221443,0.9892126213496611
AADACL3,AAK1,44,-0.01574019376591608,0.919225730510815
AADACL3,AAMDC,44,0.1325324315090134,0.391110927633329
AADACL3,AAMP,44,-0.10168165172781787,0.5113300036265533
AADACL3,AANAT,44,0.14408384551386946,0.35076254276595575
AADACL3,AAR2,44,-0.06474466369046815,0.6762816909104108
AADACL3,AARD,44,0.045984614924156,0.7669223271576036
AADACL3,AARS1,44,-0.14564925964727682,0.3454977169979705
AADACL3,AARS2,44,-0.08137966932098845,0.5994832576326867
AADACL3,AARSD1,44,-0.2647500591427085,0.08243364471738023
AADACL3,AASDH,44,0.08720374623564334,0.5735262495746375
AADACL3,AASDHPPT,44,0.202628761079893,0.1871271881986547
AADACL3,AASS,44,0.05504208994000272,0.7226897710603117
AADACL3,AATF,44,-0.2477506498755191,0.10491625398117951
AADACL3,AATK,44,0.18775450911291522,0.22229129200956474
AADACL3,ABAT,44,0.15210809887913962,0.3242924936168988
AADACL3,ABCA1,44,-0.08474366835118124,0.5844277316198575
AADACL3,minimum_N_F1,44,-0.07754668795341323,0.6168408070002092
AADACL3,1thPercentile_N_F1,44,-0.06380025206451319,0.6807504337319554
AADACL3,5thPercentile_N_F1,44,-0.020042513395266477,0.8972527740815079
AADACL3,10thPercentile_N_F1,44,0.03819620353862301,0.8055577918055057
AADACL3,25thPercentile_N_F1,44,0.011018135636141256,0.9434104040764328
AADACL3,median_N_F1,44,-0.05729430530793453,0.7118220019516295
AADACL3,mean_N_F1,44,0.012382285762520649,0.9364175968448529
AADACL3,75thPercentile_N_F1,44,-0.07366410682448726,0.6346358607917759
AADACL3,90thPercentile_N_F1,44,-0.24260885324531983,0.11256580091110853
AADACL3,95thPercentile_N_F1,44,-0.13631007801283324,0.3776269883893071
AADACL3,99thPercentile_N_F1,44,-0.08226874608318806,0.5954877738733675
AADACL3,maximum_N_F1,44,0.07565786470150329,0.6254716066821951
AADACL4,AADAT,44,-0.12345852579082997,0.4246285958003456
AADACL4,AAGAB,44,-0.04446463108947365,0.7744218587219649
AADACL4,AAK1,44,0.06232731226148682,0.6877416142327061
AADACL4,AAMDC,44,-0.01728646565033533,0.9113208532337798
AADACL4,AAMP,44,-0.03591743418458563,0.8169534900062341
AADACL4,AANAT,44,0.07175159354881268,0.6434777086885941
AADACL4,AAR2,44,0.3537963303101964,0.01847170160243952
AADACL4,AARD,44,-0.012567720565426608,0.9354673876383388
AADACL4,AARS1,44,-0.136851186398488,0.3757184327756675
AADACL4,AARS2,44,0.08019281916401635,0.6048350770789013
AADACL4,AARSD1,44,-0.13406614471037845,0.3856028650841171
AADACL4,AASDH,44,-0.20667658304306968,0.1782845278758239
AADACL4,AASDHPPT,44,0.1710399740180401,0.26695870194921373
AADACL4,AASS,44,-0.010420631740682723,0.9464746402642126
AADACL4,AATF,44,0.06376785106568143,0.6809039408307745
AADACL4,AATK,44,-0.09076673862283031,0.5579042566297481
AADACL4,ABAT,44,0.1215377397030691,0.43192537584048674
AADACL4,ABCA1,44,0.13806623091245432,0.3714537919792291
AADACL4,minimum_N_F1,44,-0.032652212895077845,0.8333468990983861
AADACL4,1thPercentile_N_F1,44,-0.005089903774820958,0.9738414038896182
AADACL4,5thPercentile_N_F1,44,-0.005954227057337724,0.9694013251525495
AADACL4,10thPercentile_N_F1,44,-0.049746606704853896,0.7484524028039552
AADACL4,25thPercentile_N_F1,44,-0.12033300811038983,0.43653746055815723
AADACL4,median_N_F1,44,-0.14943189195512097,0.3329776198587674
AADACL4,mean_N_F1,44,-0.06626478499295209,0.6691118998251192
AADACL4,75thPercentile_N_F1,44,-0.21137506053548924,0.16840111446625336
AADACL4,90thPercentile_N_F1,44,-0.08585611272999881,0.5794865897363007
AADACL4,95thPercentile_N_F1,44,-0.04696156501674431,0.7621131365854126
AADACL4,99thPercentile_N_F1,44,0.052147504711844914,0.7367365102641699
AADACL4,maximum_N_F1,44,0.2677481457396383,0.0788920956968269
AADAT,AAGAB,44,0.3632263295535276,0.01537516250950881
AADAT,AAK1,44,0.4135452273612923,0.005266077294460482
AADAT,AAMDC,44,0.20233271093290217,0.18778595451207858
AADAT,AAMP,44,0.11149089122112547,0.47121253597471746
AADAT,AANAT,44,0.020609847597134634,0.8943605678811807
AADAT,AAR2,44,0.20952112490543995,0.17225247029493473
AADAT,AARD,44,0.19653784897960025,0.20101421728856547
AADAT,AARS1,44,0.07167271578500925,0.6438434304941292
AADAT,AARS2,44,0.3391359503841003,0.024321415545069957
AADAT,AARSD1,44,0.2427146835433351,0.11240419908580153
AADAT,AASDH,44,0.4320248079498202,0.003406589868571153
AADAT,AASDHPPT,44,0.41206525977871095,0.005447434330653748
AADAT,AASS,44,0.3405574939563939,0.02369372637599571
AADAT,AATF,44,0.12065259530377169,0.4353113247314878
AADAT,AATK,44,0.22371806292438823,0.1443361613045961
AADAT,ABAT,44,0.312143209528508,0.03913433489237285
AADAT,ABCA1,44,0.0316464618773086,0.8384108261119948
AADAT,minimum_N_F1,44,-0.007047464678958628,0.9637866260443047
AADAT,1thPercentile_N_F1,44,-0.29585256722268316,0.05119229026603002
AADAT,5thPercentile_N_F1,44,-0.31784065702103403,0.03551091411518553
AADAT,10thPercentile_N_F1,44,-0.2940907010529435,0.052658837832366676
AADAT,25thPercentile_N_F1,44,-0.1843616760015577,0.2309118009296162
AADAT,median_N_F1,44,-0.14123119216633087,0.36048186769410684
AADAT,mean_N_F1,44,-0.2844356744427702,0.061306983657962257
AADAT,75thPercentile_N_F1,44,-0.046090419000389425,0.766401068374508
AADAT,90thPercentile_N_F1,44,0.005919870330325246,0.9695778010818292
AADAT,95thPercentile_N_F1,44,-0.0128263857157047,0.9341420780896589
AADAT,99thPercentile_N_F1,44,0.13784840912043075,0.37221617993426037
AADAT,maximum_N_F1,44,-0.016491067348763187,0.9153860936748324
AAGAB,AAK1,44,0.6449612403100775,2.292563563982257e-06
AAGAB,AAMDC,44,0.3481324876673713,0.02057283835593685
AAGAB,AAMP,44,0.32290345313601126,0.03252697111909483
AAGAB,AANAT,44,-0.16014416574573143,0.29907649911500084
AAGAB,AAR2,44,0.4563777307963354,0.0018474721870119042
AAGAB,AARD,44,-0.16840459943168695,0.2745086815566607
AAGAB,AARS1,44,0.22579281183932345,0.14055425412855072
AAGAB,AARS2,44,0.34751048331944995,0.02081536076852492
AAGAB,AARSD1,44,0.07766032417195207,0.6163231651085888
AAGAB,AASDH,44,0.41735085828792995,0.00482365672551961
AAGAB,AASDHPPT,44,0.2714587737843551,0.0746752797823391
AAGAB,AASS,44,0.23764888352769084,0.12033934715400893
AAGAB,AATF,44,0.22339675828047917,0.1449285011744582
AAGAB,AATK,44,0.24971807409087307,0.10209687063704603
AAGAB,ABAT,44,0.11741076155145072,0.44783755999148867
AAGAB,ABCA1,44,0.2232089380623843,0.14527558647506134
AAGAB,minimum_N_F1,44,-0.2817477096546864,0.06390620162852896
AAGAB,1thPercentile_N_F1,44,-0.32093023255813946,0.03366435752294496
AAGAB,5thPercentile_N_F1,44,-0.21226215644820295,0.16658046306936564
AAGAB,10thPercentile_N_F1,44,-0.22057787174066243,0.15020238839856836
AAGAB,25thPercentile_N_F1,44,-0.128400281888654,0.40617811692940575
AAGAB,median_N_F1,44,-0.08118393234672304,0.6003644626736571
AAGAB,mean_N_F1,44,-0.1891472868217054,0.2188176652921378
AAGAB,75thPercentile_N_F1,44,-0.01804087385482734,0.9074671754936772
AAGAB,90thPercentile_N_F1,44,0.001973220577871741,0.9898575184251405
AAGAB,95thPercentile_N_F1,44,-0.08851303735024665,0.5677624633041167
AAGAB,99thPercentile_N_F1,44,0.027202255109231854,0.860861885826806
AAGAB,maximum_N_F1,44,-0.0971106412966878,0.5305938417198588
AAK1,AAMDC,44,0.16631430584918958,0.2805960651377046
AAK1,AAMP,44,0.37378435517970393,0.012441906226600975
AAK1,AANAT,44,-0.15626231069239727,0.3110952523237843
AAK1,AAR2,44,0.43495419309372796,0.0031722395571748252
AAK1,AARD,44,-0.21137144645412326,0.16840856122772793
AAK1,AARS1,44,0.2255109231853418,0.14106373191693786
AAK1,AARS2,44,0.28316713080055766,0.06252293015881627
AAK1,AARSD1,44,0.2350951374207188,0.12449638413521312
AAK1,AASDH,44,0.305930441713594,0.04342469100233074
AAK1,AASDHPPT,44,0.2879492600422833,0.058037377562642184
AAK1,AASS,44,0.2597082253260797,0.08866809345570185
AAK1,AATF,44,0.12938689217758984,0.4025505988455217
AAK1,AATK,44,0.09240203080246531,0.5508017441297208
AAK1,ABAT,44,0.33884210176433077,0.024452882784286117
AAK1,ABCA1,44,0.25295133524025804,0.0975901868062328
AAK1,minimum_N_F1,44,-0.2412966878083157,0.1145841541303632
AAK1,1thPercentile_N_F1,44,-0.20620155038759688,0.17930644782823368
AAK1,5thPercentile_N_F1,44,-0.15673009161381252,0.3096308937654107
AAK1,10thPercentile_N_F1,44,-0.17758985200845664,0.24879520261886973
AAK1,25thPercentile_N_F1,44,-0.14094432699083861,0.3614681800045223
AAK1,median_N_F1,44,-0.13981677237491189,0.36536076342905355
AAK1,mean_N_F1,44,-0.15799859055673007,0.30568206268242587
AAK1,75thPercentile_N_F1,44,-0.1131782945736434,0.4644844352849715
AAK1,90thPercentile_N_F1,44,-0.007751937984496124,0.9601694601004009
AAK1,95thPercentile_N_F1,44,-0.13009161381254405,0.39997101518198697
AAK1,99thPercentile_N_F1,44,-0.015926708949964764,0.9182718011347208
AAK1,maximum_N_F1,44,-0.04679351656095841,0.7629397569362808
AAMDC,AAMP,44,0.19210711768851302,0.21156098979490875
AAMDC,AANAT,44,0.3766810985389902,0.011726065749670134
AAMDC,AAR2,44,0.16758280479210713,0.2768914701679736
AAMDC,AARD,44,0.3498123236201639,0.019929697762237512
AAMDC,AARS1,44,-0.13234672304439746,0.3917809772595944
AAMDC,AARS2,44,-0.21036682066691503,0.17048782489751968
AAMDC,AARSD1,44,-0.25525017618040874,0.0944802801231427
AAMDC,AASDH,44,0.282250960392293,0.06341300776211065
AAMDC,AASDHPPT,44,0.10880902043692742,0.48201155608033275
AAMDC,AASS,44,-0.08534780484935753,0.5817419954608447
AAMDC,AATF,44,-0.1712473572938689,0.26637047855657914
AAMDC,AATK,44,0.03488863863250978,0.8221106987100488
AAMDC,ABAT,44,0.2861270659657203,0.0597151574459183
AAMDC,ABCA1,44,0.25548860135021884,0.09416216783639106
AAMDC,minimum_N_F1,44,-0.06257928118393234,0.6865438206180533
AAMDC,1thPercentile_N_F1,44,-0.0023960535588442564,0.9876842812001208
AAMDC,5thPercentile_N_F1,44,0.020014094432699085,0.8973976856937718
AAMDC,10thPercentile_N_F1,44,0.06708949964763918,0.6652341393201764
AAMDC,25thPercentile_N_F1,44,0.09034531360112756,0.5597415509110577
AAMDC,median_N_F1,44,0.1533474277660324,0.32031910621151477
AAMDC,mean_N_F1,44,0.07145877378435517,0.6448358046406047
AAMDC,75thPercentile_N_F1,44,0.08752642706131077,0.5721032582961181
AAMDC,90thPercentile_N_F1,44,0.11486962649753346,0.45779271411451716
AAMDC,95thPercentile_N_F1,44,0.09330514446793516,0.5468977489503167
AAMDC,99thPercentile_N_F1,44,0.08851303735024665,0.5677624633041167
AAMDC,maximum_N_F1,44,0.030021141649048625,0.8466078302522785
AAMP,AANAT,44,0.15534478131615465,0.31398028496436553
AAMP,AAR2,44,0.4083157152924594,0.005931418607427544
AAMP,AARD,44,0.02826766251476072,0.8554691297425533
AAMP,AARS1,44,0.3324876673713883,0.02744430064442224
AAMP,AARS2,44,0.29606399116305193,0.05101854121290373
AAMP,AARSD1,44,0.027906976744186046,0.8572940916394429
AAMP,AASDH,44,0.07921350299149497,0.6092665523025651
AAMP,AASDHPPT,44,-0.03185341789992953,0.8373682744105952
AAMP,AASS,44,0.04087673560084837,0.7922038907687999
AAMP,AATF,44,0.18224101479915433,0.2364147590337455
AAMP,AATK,44,0.22230053787259774,0.14696294143394417
AAMP,ABAT,44,0.22756263448357406,0.13738664104149045
AAMP,ABCA1,44,0.05892095744242288,0.7040076066935974
AAMP,minimum_N_F1,44,-0.3378435517970402,0.02490407424280777
AAMP,1thPercentile_N_F1,44,-0.0518675123326286,0.7380998395565225
AAMP,5thPercentile_N_F1,44,-0.043551797040169135,0.7789355584410294
AAMP,10thPercentile_N_F1,44,0.011416490486257928,0.9413679285489942
AAMP,25thPercentile_N_F1,44,0.0631430584918957,0.6838665224366596
AAMP,median_N_F1,44,0.04933051444679351,0.7504886355413897
AAMP,mean_N_F1,44,0.014658210007047213,0.9247616906865225
AAMP,75thPercentile_N_F1,44,0.05073995771670191,0.7435980908369932
AAMP,90thPercentile_N_F1,44,0.07286821705426356,0.638309373772338
AAMP,95thPercentile_N_F1,44,0.015221987315010569,0.9218766744338449
AAMP,99thPercentile_N_F1,44,-0.04510218463706835,0.7712736845633017
AAMP,maximum_N_F1,44,-0.18604651162790697,0.22660278827228394
AANAT,AAR2,44,0.1030456068703252,0.505650825625378
AANAT,AARD,44,0.381272869388666,0.010663514012756135
AANAT,AARS1,44,-0.18068270793700858,0.2405149672230899
AANAT,AARS2,44,-0.04700739212223173,0.761887761120463
AANAT,AARSD1,44,-0.3112541960946124,0.03972609227859225
AANAT,AASDH,44,-0.000529362523899006,0.997278976794849
AANAT,AASDHPPT,44,-0.15569767723009412,0.3128686561606805
AANAT,AASS,44,-0.22177542186409507,0.14794490936835347
AANAT,AATF,44,0.05215801608025365,0.7366853441903064
AANAT,AATK,44,0.02774152912237997,0.8581314536407854
AANAT,ABAT,44,0.2231792400758209,0.14533052345459155
AANAT,ABCA1,44,0.23657113995559678,0.12208075771237122
AANAT,minimum_N_F1,44,-0.03352511182424964,0.8289572656452207
AANAT,1thPercentile_N_F1,44,0.11405595938523667,0.46100544339471317
AANAT,5thPercentile_N_F1,44,0.14151126148972742,0.3595204932954301
AANAT,10thPercentile_N_F1,44,0.1720014684540976,0.2642387624143532
AANAT,25thPercentile_N_F1,44,0.10925657495565988,0.4802004333743298
AANAT,median_N_F1,44,-0.027949356384006016,0.8570796250530185
AANAT,mean_N_F1,44,0.12746600411493653,0.4096304956813719
AANAT,75thPercentile_N_F1,44,0.017715374879761388,0.9091296413045945
AANAT,90thPercentile_N_F1,44,0.035148433028371194,0.8208076772381413
AANAT,95thPercentile_N_F1,44,0.09803448489238474,0.5266720133775049
AANAT,99thPercentile_N_F1,44,0.0005646334623031517,0.9970976782663141
AANAT,maximum_N_F1,44,0.02618487681430866,0.8660173799620652
AAR2,AARD,44,-0.049397740244544346,0.7501595384292525
AAR2,AARS1,44,0.15785764622973925,0.3061192250623474
AAR2,AARS2,44,0.4326438566412701,0.0033558384798714363
AAR2,AARSD1,44,0.08301620859760393,0.5921377896136851
AAR2,AASDH,44,0.08767046060624532,0.5714686066653771
AAR2,AASDHPPT,44,0.20606060606060606,0.17961046187296287
AAR2,AASS,44,0.033194728393102724,0.830618099829813
AAR2,AATF,44,0.2766737138830162,0.06905117240425906
AAR2,AATK,44,0.14230335636169142,0.3568099392214915
AAR2,ABAT,44,0.05863490612893578,0.7053796360306731
AAR2,ABCA1,44,0.4154068458919144,0.00504543093590052
AAR2,minimum_N_F1,44,-0.19393939393939394,0.20715371043327993
AAR2,1thPercentile_N_F1,44,-0.116138125440451,0.4528083500595127
AAR2,5thPercentile_N_F1,44,-0.1930937279774489,0.20917979252094723
AAR2,10thPercentile_N_F1,44,-0.2321353065539112,0.1294484516979806
AAR2,25thPercentile_N_F1,44,-0.250599013389711,0.10085345139454753
AAR2,median_N_F1,44,-0.25200845665961946,0.0988882909640903
AAR2,mean_N_F1,44,-0.2256518675123326,0.1408088222933471
AAR2,75thPercentile_N_F1,44,-0.22212825933756164,0.14728457173195436
AAR2,90thPercentile_N_F1,44,-0.0872445384073291,0.5733462707809713
AAR2,95thPercentile_N_F1,44,-0.08047921071176886,0.6035417728701282
AAR2,99thPercentile_N_F1,44,0.03298097251585623,0.8316930376058359
AAR2,maximum_N_F1,44,0.15898520084566595,0.3026331039412778
AARD,AARS1,44,-0.03314383429855694,0.83087400895244
AARD,AARS2,44,-0.03144888270259694,0.8394063966113833
AARD,AARSD1,44,-0.4436609631691695,0.002557129933724996
AARD,AASDH,44,0.25547800217952343,0.0941762918921021
AARD,AASDHPPT,44,-0.027278294326744095,0.8604767890407319
AARD,AASS,44,0.08406688598737003,0.5874430051819703
AARD,AATF,44,-0.3793520309480888,0.011097515446288288
AARD,AATK,44,0.11142563080375183,0.4714737819099869
AARD,ABAT,44,0.2921212509015381,0.05433803361536829
AARD,ABCA1,44,-0.16418180634252208,0.2868967180136217
AARD,minimum_N_F1,44,-0.032225135266827215,0.8354964209662409
AARD,1thPercentile_N_F1,44,-0.03413320248657357,0.8259023303553368
AARD,5thPercentile_N_F1,44,-0.1382995388534668,0.37063823805353224
AARD,10thPercentile_N_F1,44,-0.1106678987452882,0.4745127097234101
AARD,25thPercentile_N_F1,44,-0.05342588215289776,0.7305220780773584
AARD,median_N_F1,44,-0.07823075600960029,0.6137274842397696
AARD,mean_N_F1,44,-0.09024451257837358,0.5601814337092725
AARD,75thPercentile_N_F1,44,-0.09116321161010331,0.5561783317656706
AARD,90thPercentile_N_F1,44,-0.03632394633146752,0.8149177919525312
AARD,95thPercentile_N_F1,44,-0.06395558643964612,0.6800146789147785
AARD,99thPercentile_N_F1,44,-0.0318717894853927,0.8372757398673196
AARD,maximum_N_F1,44,-0.06155283512589146,0.6914279930090206
AARS1,AARS2,44,0.28521089555745566,0.06057324420813673
AARS1,AARSD1,44,0.5023255813953488,0.0005117426115795316
AARS1,AASDH,44,0.265900842337109,0.0810598555550218
AARS1,AASDHPPT,44,0.2224101479915433,0.14675857767838305
AARS1,AASS,44,0.3515399261672959,0.019285993683074022
AARS1,AATF,44,0.2656800563777308,0.0813220287391536
AARS1,AATK,44,0.04898505828200868,0.7521804704596721
AARS1,ABAT,44,0.031713591055313815,0.838072629349899
AARS1,ABCA1,44,0.08239066895956024,0.5949407703934808
AARS1,minimum_N_F1,44,0.08583509513742071,0.5795797681738339
AARS1,1thPercentile_N_F1,44,-0.056518675123326284,0.7155584642291108
AARS1,5thPercentile_N_F1,44,-0.017758985200845664,0.9089068818884349
AARS1,10thPercentile_N_F1,44,-0.04665257223396758,0.7636332546837691
AARS1,25thPercentile_N_F1,44,-0.048907681465821,0.7525595728779046
AARS1,median_N_F1,44,-0.048907681465821,0.7525595728779046
AARS1,mean_N_F1,44,-0.02903453136011275,0.8515914896356344
AARS1,75thPercentile_N_F1,44,-0.06807610993657505,0.660606475490932
AARS1,90thPercentile_N_F1,44,-0.16180408738548271,0.2940295913419169
AARS1,95thPercentile_N_F1,44,-0.19224806201550385,0.2112196676331104
AARS1,99thPercentile_N_F1,44,-0.07004933051444678,0.651388716811993
AARS1,maximum_N_F1,44,-0.11374207188160676,0.46224805280393466
AARS2,AARSD1,44,0.26561894374995065,0.08139471423611826
AARS2,AASDH,44,0.1668898442455423,0.27891123013993
AARS2,AASDHPPT,44,0.28866415325014533,0.057389541917399194
AARS2,AASS,44,0.11664376086461754,0.4508298023271774
AARS2,AATF,44,0.4326438566412701,0.0033558384798714363
AARS2,AATK,44,0.1851277543386596,0.22894563007336421
AARS2,ABAT,44,0.09909084502079073,0.5222051889031287
AARS2,ABCA1,44,0.04320552590376431,0.7806496592850771
AARS2,minimum_N_F1,44,-0.3298213469752638,0.028787062225649723
AARS2,1thPercentile_N_F1,44,-0.24807075669934367,0.1044535180008614
AARS2,5thPercentile_N_F1,44,-0.3034638290759585,0.04523090578070295
AARS2,10thPercentile_N_F1,44,-0.303886676956696,0.04491700711936254
AARS2,25thPercentile_N_F1,44,-0.25053736933697923,0.10094007994699894
AARS2,median_N_F1,44,-0.23848620473595994,0.11899939623352071
AARS2,mean_N_F1,44,-0.30416857554385435,0.04470872652597387
AARS2,75thPercentile_N_F1,44,-0.11677648973034446,0.4503112180304827
AARS2,90thPercentile_N_F1,44,-0.09535219710631022,0.5380979084223212
AARS2,95thPercentile_N_F1,44,-0.13672081477179737,0.3761777437044761
AARS2,99thPercentile_N_F1,44,0.1175517108450299,0.44728887066512013
AARS2,maximum_N_F1,44,0.10232918713847924,0.5086298273147032
AARSD1,AASDH,44,0.0903484971842496,0.5597276607912909
AARSD1,AASDHPPT,44,0.33051444679351655,0.028432881046875053
AARSD1,AASS,44,0.28641905772732373,0.05944372867271021
AARSD1,AATF,44,0.6049330514446793,1.3644861669893747e-05
AARSD1,AATK,44,-0.2899633521901925,0.05622705159072726
AARSD1,ABAT,44,-0.044962824651756036,0.771961521848098
AARSD1,ABCA1,44,0.04693942303427469,0.7622220367413279
AARSD1,minimum_N_F1,44,0.07202255109231853,0.6422220310236247
AARSD1,1thPercentile_N_F1,44,-0.03932346723044398,0.7999350819239628
AARSD1,5thPercentile_N_F1,44,-0.03157152924594785,0.8387883706445063
AARSD1,10thPercentile_N_F1,44,-0.051021846370683584,0.7422223341111724
AARSD1,25thPercentile_N_F1,44,-0.022832980972515855,0.883040664338117
AARSD1,median_N_F1,44,0.007047216349541931,0.9637879012394113
AARSD1,mean_N_F1,44,-0.04947145877378436,0.7497987071781176
AARSD1,75thPercentile_N_F1,44,0.10274841437632136,0.5068855298425629
AARSD1,90thPercentile_N_F1,44,0.054686398872445384,0.7244111165440947
AARSD1,95thPercentile_N_F1,44,0.054686398872445384,0.7244111165440947
AARSD1,99thPercentile_N_F1,44,0.053981677237491185,0.7278255358035143
AARSD1,maximum_N_F1,44,-0.11529245947850598,0.4561279707841014
AASDH,AASDHPPT,44,0.47070016590764674,0.0012618451222413108
AASDH,AASS,44,0.37389435129111537,0.012414058375600558
AASDH,AATF,44,-0.15715846234077738,0.30829376231186206
AASDH,AATK,44,0.16602643264599762,0.2814412809996303
AASDH,ABAT,44,0.2594263161604059,0.08902720441857152
AASDH,ABCA1,44,0.12182830591297977,0.43081708580571354
AASDH,minimum_N_F1,44,-0.06293385958310053,0.6848595335055843
AASDH,1thPercentile_N_F1,44,-0.12079354459735085,0.4347711645442447
AASDH,5thPercentile_N_F1,44,-0.08337150715208057,0.5905483380580394
AASDH,10thPercentile_N_F1,44,0.017477712403817396,0.91034373034963
AASDH,25thPercentile_N_F1,44,0.11205468839544216,0.46895879023800613
AASDH,median_N_F1,44,0.15899080315730663,0.3026158467639592
AASDH,mean_N_F1,44,0.025934670018567745,0.8672861363085259
AASDH,75thPercentile_N_F1,44,0.18915395198324952,0.21880113305376067
AASDH,90thPercentile_N_F1,44,0.17118291705190505,0.2665531651887367
AASDH,95thPercentile_N_F1,44,0.0754783467116469,0.6262945019195336
AASDH,99thPercentile_N_F1,44,0.15123859201045214,0.32709858228618427
AASDH,maximum_N_F1,44,0.08745903666587655,0.5724003098131318
AASDHPPT,AASS,44,0.3804355496092749,0.010850879459741327
AASDHPPT,AATF,44,0.18858350951374206,0.22021918709713842
AASDHPPT,AATK,44,0.02819283929899781,0.8558476518732108
AASDHPPT,ABAT,44,0.20747736014854196,0.17657131328163958
AASDHPPT,ABCA1,44,0.21933255928327752,0.15257664582889843
AASDHPPT,minimum_N_F1,44,-0.191261451726568,0.21361699234213732
AASDHPPT,1thPercentile_N_F1,44,-0.3227625088090204,0.03260714700419238
AASDHPPT,5thPercentile_N_F1,44,-0.2879492600422833,0.058037377562642184
AASDHPPT,10thPercentile_N_F1,44,-0.23368569415081042,0.12683644608628175
AASDHPPT,25thPercentile_N_F1,44,-0.1680056377730796,0.2756637773563843
AASDHPPT,median_N_F1,44,-0.10246652572233966,0.5080580627395239
AASDHPPT,mean_N_F1,44,-0.24073291050035234,0.11545972872400151
AASDHPPT,75thPercentile_N_F1,44,0.023819591261451726,0.878024203803725
AASDHPPT,90thPercentile_N_F1,44,0.030303030303030304,0.8451850042029407
AASDHPPT,95thPercentile_N_F1,44,0.06553911205073995,0.6725310243694023
AASDHPPT,99thPercentile_N_F1,44,0.15306553911205073,0.32122015736456805
AASDHPPT,maximum_N_F1,44,0.12445384073291048,0.4208750278500888
AASS,AATF,44,0.042709140989851915,0.7831086399335419
AASS,AATK,44,-0.06534150999526789,0.6734631934046116
AASS,ABAT,44,0.11333121901529002,0.46387724432333877
AASS,ABCA1,44,0.10378854631996028,0.5025709277119195
AASS,minimum_N_F1,44,-0.21432095338306872,0.1624100821647832
AASS,1thPercentile_N_F1,44,-0.36401437823858934,0.015137625923278645
AASS,5thPercentile_N_F1,44,-0.2923391366764121,0.05415016806231863
AASS,10thPercentile_N_F1,44,-0.2860666720755923,0.059771421656273284
AASS,25thPercentile_N_F1,44,-0.14433716294920249,0.34990727407024447
AASS,median_N_F1,44,-0.11995207584938608,0.4380014562459753
AASS,mean_N_F1,44,-0.2687292980104049,0.07775936567679315
AASS,75thPercentile_N_F1,44,-0.10254422465385236,0.5077347324855983
AASS,90thPercentile_N_F1,44,-0.15265346433006477,0.3225402136160872
AASS,95thPercentile_N_F1,44,-0.13595038443799395,0.3788988514721413
AASS,99thPercentile_N_F1,44,-0.1436323916457396,0.352289937352245
AASS,maximum_N_F1,44,-0.17929381960096247,0.2442098673821672
AATF,AATK,44,-0.25169157284180294,0.09932752851206011
AATF,ABAT,44,-0.2735121041903843,0.07241929751212767
AATF,ABCA1,44,0.19565140892364347,0.2030941005214116
AATF,minimum_N_F1,44,-0.017477096546863986,0.9103468766930203
AATF,1thPercentile_N_F1,44,-0.10570824524312895,0.4946571986825322
AATF,5thPercentile_N_F1,44,-0.06229739252995067,0.6878838949625037
AATF,10thPercentile_N_F1,44,-0.09894291754756872,0.5228295689834097
AATF,25thPercentile_N_F1,44,-0.05073995771670191,0.7435980908369932
AATF,median_N_F1,44,-0.1131782945736434,0.4644844352849715
AATF,mean_N_F1,44,-0.09260042283298096,0.5499430002274377
AATF,75thPercentile_N_F1,44,0.0015503875968992248,0.9920308281806041
AATF,90thPercentile_N_F1,44,0.029316420014094426,0.8501669952097073
AATF,95thPercentile_N_F1,44,0.09612403100775192,0.5347978371468183
AATF,99thPercentile_N_F1,44,0.12797744890768145,0.40773850666044165
AATF,maximum_N_F1,44,-0.03255813953488372,0.8338202766463617
AATK,ABAT,44,0.33515418689523185,0.026153923389327653
AATK,ABCA1,44,-0.16829380054861096,0.27482915256801477
AATK,minimum_N_F1,44,-0.1668311265518195,0.27908281626828885
AATK,1thPercentile_N_F1,44,-0.18853961281204784,0.22032857187994628
AATK,5thPercentile_N_F1,44,-0.2185649866654805,0.15405370950369268
AATK,10thPercentile_N_F1,44,-0.23315478100271186,0.12772640917743971
AATK,25thPercentile_N_F1,44,-0.2578939974875824,0.09099893980542982
AATK,median_N_F1,44,-0.18395827642596066,0.23195177629215236
AATK,mean_N_F1,44,-0.2208908959076478,0.1496098839270862
AATK,75thPercentile_N_F1,44,-0.14441781930911626,0.34963522412474723
AATK,90thPercentile_N_F1,44,-0.15365097417953805,0.31935060900384865
AATK,95thPercentile_N_F1,44,-0.24252890006962863,0.11268800562240315
AATK,99thPercentile_N_F1,44,-0.13060332805260735,0.3981039394859549
AATK,maximum_N_F1,44,-0.08302791173554853,0.5920854047278348
ABAT,ABCA1,44,-0.027135607623081984,0.8611994448879914
ABAT,minimum_N_F1,44,-0.18238838589144926,0.23602947788317097
ABAT,1thPercentile_N_F1,44,-0.07667641570706986,0.6208111903773426
ABAT,5thPercentile_N_F1,44,-0.14863103007923742,0.3356045341512276
ABAT,10thPercentile_N_F1,44,-0.14813770755171035,0.33722906783340334
ABAT,25thPercentile_N_F1,44,-0.19563761948789152,0.2031265739716498
ABAT,median_N_F1,44,-0.18964727451077665,0.21757989742323716
ABAT,mean_N_F1,44,-0.13855315558832662,0.3697529089974195
ABAT,75thPercentile_N_F1,44,-0.19986609829526664,0.19333882453066253
ABAT,90thPercentile_N_F1,44,-0.15060432018934586,0.32915507088832596
ABAT,95thPercentile_N_F1,44,-0.18809683228140575,0.22143402288512706
ABAT,99thPercentile_N_F1,44,-0.12248493612030094,0.42831840448192415
ABAT,maximum_N_F1,44,-0.008809330848698284,0.9547417101731264
ABCA1,minimum_N_F1,44,0.05215491448252743,0.7367004416868729
ABCA1,1thPercentile_N_F1,44,0.004087817621603501,0.9789901478213205
ABCA1,5thPercentile_N_F1,44,0.06850618496894144,0.6585931174460713
ABCA1,10thPercentile_N_F1,44,0.08457553699869313,0.5851761603693758
ABCA1,25thPercentile_N_F1,44,0.051027240655878194,0.7421960150416755
ABCA1,median_N_F1,44,0.034394051712801875,0.8245926473897531
ABCA1,mean_N_F1,44,0.06582795963064948,0.671169285890326
ABCA1,75thPercentile_N_F1,44,-0.08774711963614412,0.5711309574442471
ABCA1,90thPercentile_N_F1,44,0.061035345867390206,0.6938950943865589
ABCA1,95thPercentile_N_F1,44,0.039327624704392314,0.7999143630433627
ABCA1,99thPercentile_N_F1,44,0.1573809784317348,0.3076006476941768
ABCA1,maximum_N_F1,44,0.12517179475806584,0.41817914850413984
minimum_N_F1,1thPercentile_N_F1,50,0.5204801920768307,0.00010681166980999598
minimum_N_F1,5thPercentile_N_F1,50,0.544969987995198,4.2766169334236944e-05
minimum_N_F1,10thPercentile_N_F1,50,0.5059783913565427,0.0001778486051178265
minimum_N_F1,25thPercentile_N_F1,50,0.43356542617046817,0.0016588766993536103
minimum_N_F1,median_N_F1,50,0.39495798319327724,0.004532029507026638
minimum_N_F1,mean_N_F1,50,0.533829531812725,6.54241120724254e-05
minimum_N_F1,75thPercentile_N_F1,50,0.2575270108043217,0.07099316553253894
minimum_N_F1,90thPercentile_N_F1,50,0.18713085234093638,0.1931637009280367
minimum_N_F1,95thPercentile_N_F1,50,0.2138295318127251,0.1359440441259177
minimum_N_F1,99thPercentile_N_F1,50,0.3552941176470588,0.011342283937245243
minimum_N_F1,maximum_N_F1,50,0.2874909963985594,0.042927954341409856
1thPercentile_N_F1,5thPercentile_N_F1,50,0.9120288115246098,3.291142554266418e-20
1thPercentile_N_F1,10thPercentile_N_F1,50,0.8645858343337334,5.933036360845208e-16
1thPercentile_N_F1,25thPercentile_N_F1,50,0.727250900360144,2.21203194183755e-09
1thPercentile_N_F1,median_N_F1,50,0.6161344537815125,1.9050934697440027e-06
1thPercentile_N_F1,mean_N_F1,50,0.8776470588235293,6.062671355911542e-17
1thPercentile_N_F1,75thPercentile_N_F1,50,0.49714285714285716,0.00023997809221682634
1thPercentile_N_F1,90thPercentile_N_F1,50,0.5132773109243698,0.00013798994229325355
1thPercentile_N_F1,95thPercentile_N_F1,50,0.5387274909963985,5.437038248765507e-05
1thPercentile_N_F1,99thPercentile_N_F1,50,0.5019447779111644,0.00020412369186485475
1thPercentile_N_F1,maximum_N_F1,50,0.4317406962785113,0.001744244250905476
5thPercentile_N_F1,10thPercentile_N_F1,50,0.9346938775510203,3.3475601891262883e-23
5thPercentile_N_F1,25thPercentile_N_F1,50,0.8126290516206482,7.745891775081045e-13
5thPercentile_N_F1,median_N_F1,50,0.6841296518607443,4.322737077937878e-08
5thPercentile_N_F1,mean_N_F1,50,0.9479471788715486,1.6819512577854354e-25
5thPercentile_N_F1,75thPercentile_N_F1,50,0.5662905162064826,1.815111031299602e-05
5thPercentile_N_F1,90thPercentile_N_F1,50,0.5877070828331332,7.2134910403164415e-06
5thPercentile_N_F1,95thPercentile_N_F1,50,0.5933733493397358,5.588290378966086e-06
5thPercentile_N_F1,99thPercentile_N_F1,50,0.5433373349339736,4.555842175493743e-05
5thPercentile_N_F1,maximum_N_F1,50,0.3944777911164466,0.0045857243216645025
10thPercentile_N_F1,25thPercentile_N_F1,50,0.9266266506602642,4.9979936751923015e-22
10thPercentile_N_F1,median_N_F1,50,0.8193517406962785,3.4949498736769665e-13
10thPercentile_N_F1,mean_N_F1,50,0.9844417767106842,6.545638226721534e-38
10thPercentile_N_F1,75thPercentile_N_F1,50,0.6917166866746699,2.659345929783664e-08
10thPercentile_N_F1,90thPercentile_N_F1,50,0.6677070828331333,1.17932428652625e-07
10thPercentile_N_F1,95thPercentile_N_F1,50,0.6822088835534214,4.877307889148684e-08
10thPercentile_N_F1,99thPercentile_N_F1,50,0.6122929171668668,2.2980912868441484e-06
10thPercentile_N_F1,maximum_N_F1,50,0.38957983193277307,0.005166083814133081
25thPercentile_N_F1,median_N_F1,50,0.9215366146458582,2.3582660220726675e-21
25thPercentile_N_F1,mean_N_F1,50,0.9340216086434573,4.24768288000819e-23
25thPercentile_N_F1,75thPercentile_N_F1,50,0.832893157262905,6.336716093493926e-14
25thPercentile_N_F1,90thPercentile_N_F1,50,0.7712364945978392,5.624105272228237e-11
25thPercentile_N_F1,95thPercentile_N_F1,50,0.7663385354141656,8.802180205059549e-11
25thPercentile_N_F1,99thPercentile_N_F1,50,0.6310204081632652,8.990941826577758e-07
25thPercentile_N_F1,maximum_N_F1,50,0.3420408163265306,0.015046917382601907
median_N_F1,mean_N_F1,50,0.8319327731092436,7.187964535291708e-14
median_N_F1,75thPercentile_N_F1,50,0.9177911164465786,6.918048816299073e-21
median_N_F1,90thPercentile_N_F1,50,0.8340456182472988,5.441470962757128e-14
median_N_F1,95thPercentile_N_F1,50,0.7605762304921969,1.4706951988255767e-10
median_N_F1,99thPercentile_N_F1,50,0.6475390156062424,3.725582329022062e-07
median_N_F1,maximum_N_F1,50,0.3335894357743097,0.017912236261650595
mean_N_F1,75thPercentile_N_F1,50,0.7102521008403362,7.61046243473042e-09
mean_N_F1,90thPercentile_N_F1,50,0.6906602641056422,2.847959574032767e-08
mean_N_F1,95thPercentile_N_F1,50,0.6942136854741897,2.259094464599672e-08
mean_N_F1,99thPercentile_N_F1,50,0.6043217286914766,3.3650270608193624e-06
mean_N_F1,maximum_N_F1,50,0.38103241296518603,0.0063337449648724325
75thPercentile_N_F1,90thPercentile_N_F1,50,0.8837935174069628,1.89074067034447e-17
75thPercentile_N_F1,95thPercentile_N_F1,50,0.8030252100840336,2.2885646976859166e-12
75thPercentile_N_F1,99thPercentile_N_F1,50,0.6413925570228091,5.202625134714792e-07
75thPercentile_N_F1,maximum_N_F1,50,0.32072028811524605,0.023157320921631693
90thPercentile_N_F1,95thPercentile_N_F1,50,0.9005042016806721,5.530117399198867e-19
90thPercentile_N_F1,99thPercentile_N_F1,50,0.7045858343337333,1.1269621468328873e-08
90thPercentile_N_F1,maximum_N_F1,50,0.36950780312124853,0.008268252790849981
95thPercentile_N_F1,99thPercentile_N_F1,50,0.7599039615846337,1.5600071223310808e-10
95thPercentile_N_F1,maximum_N_F1,50,0.45344537815126046,0.0009428510439230895
99thPercentile_N_F1,maximum_N_F1,50,0.638031212484994,6.22564281873702e-07
