Feature,Data_Type,Category,Sub_Category,ACH-000001,ACH-000048,ACH-000091,ACH-000116,ACH-000291,ACH-000430,ACH-000443,ACH-000524,ACH-000527,ACH-000574,ACH-000617,ACH-000657,ACH-000663,ACH-000696,ACH-000704,ACH-000719,ACH-000811,ACH-000885,ACH-000906,ACH-000947,ACH-001063,ACH-001151,ACH-001374,ACH-001630,ACH-002140,ACH-002149,ACH-002181
(+)-CAMPTOTHECIN (GDSC2:1003)_AUC,num,Drug Screen,GDSC2_AUC,0.967186632,0.789146365,0.912047602,0.880925688,0.907164493,0.78738019,0.969473697,0.976186148,0.97366693,0.956055066,0.957613019,0.7838655,0.943510679,0.848706195,0.840920423,0.964024907,0.907008744,0.891854354,0.803403588,0.814733233,0.850117492,0.959826099,0.765579917,0.875053781,0.857649111,0.754041383,
VELBAN (GDSC2:1004)_AUC,num,Drug Screen,GDSC2_AUC,0.666062236,0.585894964,0.889148256,0.869740387,0.813950044,0.763236562,0.951701018,0.925689836,0.883489345,0.952901993,0.917065906,0.558144241,0.855145908,0.582848611,0.950079276,0.86385972,0.822657781,0.82931925,0.758103368,,0.790011463,0.876674337,0.842056191,0.833228655,0.742442695,0.7016096,0.931316495
CIS-DDP (GDSC2:1005)_AUC,num,Drug Screen,GDSC2_AUC,0.977907211,0.914832712,0.951136046,0.943986476,0.955647485,0.883299439,0.972601129,0.969725281,0.968306745,0.963300152,0.977827173,0.897963351,0.938263793,0.938370348,0.859622192,,0.96464765,0.914426914,0.849482145,,0.973870524,0.962501833,0.879029983,0.966909683,0.966278931,0.948066258,0.965179005
CYTARABINE (GDSC2:1006)_AUC,num,Drug Screen,GDSC2_AUC,,0.819787326,0.978073538,0.954702722,0.963552522,0.881821497,,,0.955927663,,,0.739352737,0.938801004,0.7185128,0.874935928,0.958866297,0.948061944,0.827798378,0.853363651,,0.90073559,0.971402301,0.872282774,0.944557084,0.72834106,0.726908493,0.976115384
DOCETAXEL (GDSC2:1007)_AUC,num,Drug Screen,GDSC2_AUC,0.922989095,0.878833541,0.91975314,0.913048614,0.930055621,0.885514026,0.895309653,0.970399907,0.914312234,0.907070119,0.948989781,0.812006956,0.900971423,0.828062203,0.914612396,0.94191144,0.906619954,0.864512834,0.89100381,,0.836891525,0.869361478,0.845073021,0.924717655,0.827988383,0.776364025,0.979090695
GEFITINIB (GDSC2:1010)_AUC,num,Drug Screen,GDSC2_AUC,0.957585512,0.93061465,0.988269116,0.94343306,,0.988796576,0.937891356,0.988517257,0.944359578,,0.972732786,0.927233045,0.952974125,0.951589832,,0.836370539,0.880695587,0.9774166,,,0.972106526,0.953399264,,0.996729573,,0.960253507,0.763373826
NAVITOCLAX (GDSC2:1011)_AUC,num,Drug Screen,GDSC2_AUC,0.867832694,0.962228256,0.82912445,0.63680411,0.862224597,0.945039482,0.904603174,0.934886494,0.599712455,0.854697265,0.974577907,0.936957766,0.989125785,0.978023233,0.858536657,0.785975738,0.973617309,0.908161607,0.907324803,,0.842330893,0.871711304,0.89701893,0.928294651,0.984123618,0.939755261,0.906933816
MK-0683 (GDSC2:1012)_AUC,num,Drug Screen,GDSC2_AUC,0.922477923,0.868422088,0.905531805,0.840830793,0.89906182,0.850417907,0.905235519,0.877103593,0.904543456,0.86351638,0.939918622,0.840675591,0.895212345,0.754078624,0.861766439,0.842361023,0.890736453,0.856024168,0.875979073,,0.866435697,0.820597536,0.697058126,0.939073231,0.864037318,0.837318002,0.852066906
NILOTINIB (GDSC2:1013)_AUC,num,Drug Screen,GDSC2_AUC,,0.980677422,0.96698062,0.973348137,0.958198397,0.918839092,0.984749939,,,,0.956563272,0.932199997,0.986213668,0.911338318,,0.968019756,,0.958452059,,,0.902296696,0.987228851,0.96539444,,0.899867343,0.97608547,
OLAPARIB (GDSC2:1017)_AUC,num,Drug Screen,GDSC2_AUC,0.927670937,0.949233472,0.950635368,0.926950758,0.98587615,0.942918938,0.948537923,0.959580647,0.963673367,0.963211932,0.963204678,0.91177342,0.980017276,0.910044336,0.944237789,,0.976998308,0.924551948,0.955956933,,0.980122642,0.991141203,0.924080962,0.974329984,0.936893552,0.906474438,
AZD7762 (GDSC2:1022)_AUC,num,Drug Screen,GDSC2_AUC,0.778258064,0.764225813,0.831698667,0.880374769,0.817216134,0.68774297,0.84135735,0.831631693,0.720407429,0.81562695,0.811725473,0.648201049,0.783389457,0.537728281,0.767762207,0.772901931,0.764537692,0.624240034,0.683177329,,0.582012368,0.673375665,0.749303613,0.839291647,0.709140689,0.652587857,0.788162456
AFATINIB (GDSC2:1032)_AUC,num,Drug Screen,GDSC2_AUC,,0.904310489,0.951665226,0.913992097,0.960118445,0.909249326,0.863286119,0.921875718,0.839969754,0.865558382,0.91272424,0.741908399,0.799022412,0.870006597,0.921203707,0.72726266,0.798936826,0.794009422,0.883182644,,0.834773,0.851115999,0.874597011,0.853401933,0.922528672,0.868610238,0.634478088
PLX 4720 (GDSC2:1036)_AUC,num,Drug Screen,GDSC2_AUC,,0.970694518,0.931953668,0.957492271,0.969839595,0.954707783,,,0.98188411,0.999035921,0.988813262,0.962100944,0.911002466,0.980810473,0.96714525,0.92063397,0.930424488,0.900758919,0.898100639,,0.897984393,,0.909414516,0.97667479,0.955266067,0.890483413,
681640 (GDSC2:1046)_AUC,num,Drug Screen,GDSC2_AUC,0.895648521,0.904525017,0.92084067,0.965266979,0.990521073,0.788854566,0.934819004,0.995871116,0.925888336,0.919215166,0.956392559,0.856557132,0.888525128,0.78618542,0.926492831,0.878909233,0.936938687,0.82740541,0.87353173,,0.798376273,0.962603666,0.928048883,0.944014284,0.903823701,0.836773707,0.988798368
NUTLIN-3A (-) (GDSC2:1047)_AUC,num,Drug Screen,GDSC2_AUC,0.977451374,0.974897283,,0.97209501,0.984077993,0.969025878,0.977815693,0.987039377,0.918190475,0.944503184,0.970120796,0.799192974,0.906055218,,0.958601517,0.946886064,,0.87760713,0.951176337,,,0.967458648,,0.955499051,0.901818914,0.813837548,0.96483848
MIRIN (GDSC2:1048)_AUC,num,Drug Screen,GDSC2_AUC,0.967741605,0.903087769,0.974451276,0.923135275,0.93892406,0.97755453,,0.948051753,0.936564472,,0.961893815,0.837721218,0.959086967,0.963786929,,,0.88594477,0.923631127,0.944097161,0.905917339,0.949322582,0.858164,0.81875585,0.914701876,0.949380792,,
PD 173074 (GDSC2:1049)_AUC,num,Drug Screen,GDSC2_AUC,,,,,,0.996756245,0.934984656,0.973054198,,0.983963593,,0.797640679,0.95284182,,0.980753821,,,0.97948142,,,0.981808395,0.990307787,,,0.974968464,0.889240208,
ALISERTIB (GDSC2:1051)_AUC,num,Drug Screen,GDSC2_AUC,,0.781568274,,0.96696686,0.9164027,0.911774616,,0.953605286,,,,0.76105128,0.933621772,0.896176369,0.926686042,,,0.810203534,0.927037847,0.901112218,0.817462469,0.961510917,0.68411315,0.964125626,0.904038186,,
MK 2206 (GDSC2:1053)_AUC,num,Drug Screen,GDSC2_AUC,0.893033436,0.959548911,0.963286305,0.933406799,0.911166085,0.875727091,0.924390864,0.930910225,0.874053999,0.925311806,0.965263132,0.717304854,0.850094658,0.931603661,0.835456334,0.888843308,,0.914365279,0.980931005,,0.928937443,0.901668973,,0.951435647,0.903418849,0.89075163,0.941532761
PALBOCICLIB (GDSC2:1054)_AUC,num,Drug Screen,GDSC2_AUC,,0.835227013,0.963921556,0.981029229,0.949679436,,0.910117924,0.934534623,,,,0.73460935,0.885475084,0.982714471,,0.922179081,0.955563124,0.886210559,0.834297931,,0.765673273,0.832784939,0.885540025,0.925494077,0.869934661,0.823483154,0.956866362
BEZ235 (GDSC2:1057)_AUC,num,Drug Screen,GDSC2_AUC,0.860683101,0.845789738,0.862708571,0.91157215,0.846797025,0.736306365,0.947353808,0.96479229,0.92813694,0.972932051,0.911423401,0.691078539,0.818492636,0.780007327,0.866444485,0.847737893,0.872386707,0.775244703,0.869163657,,0.726726443,0.827204142,0.854597177,0.995012391,0.843680513,0.702035788,0.89166955
PICTILISIB (GDSC2:1058)_AUC,num,Drug Screen,GDSC2_AUC,0.824376489,,0.896432068,0.894327627,0.923074366,0.903738067,0.898844762,0.89427704,0.805641944,0.805284887,0.956007068,0.624437336,0.748597497,0.841898305,0.808929747,0.819248068,0.83961141,,0.905448028,,0.756718301,0.799541592,0.755312932,0.909233961,0.849363354,0.764080767,0.775917107
PD 0325901 (GDSC2:1060)_AUC,num,Drug Screen,GDSC2_AUC,,0.983049161,,0.941639865,0.814673628,0.87470144,,0.960018778,0.950978901,0.9113935,0.963017492,0.871607777,0.955820522,0.952573118,0.955511952,0.877327017,0.960301198,0.91219735,0.880737578,0.881978339,0.966553844,0.778722067,0.935094846,0.932419871,0.886434731,0.957355871,0.938999861
GX15-070 (GDSC2:1068)_AUC,num,Drug Screen,GDSC2_AUC,0.870903281,0.80396006,0.741069803,0.861366425,0.872073526,0.8400434,,0.791581079,0.826346322,,0.826020971,0.789070711,0.844455914,0.83389471,0.805354474,,0.918066909,0.730721869,0.844830932,0.653278804,0.865334895,0.85176748,0.777694653,0.64083031,0.854853694,,
FLUOROURACIL (GDSC2:1073)_AUC,num,Drug Screen,GDSC2_AUC,0.956464418,0.937853681,0.95838518,,,0.952393799,,,0.972465997,0.963775193,0.9683713,0.794911472,0.920346348,0.947209254,0.964957929,0.976166955,,,0.934280673,0.838893298,,0.900614509,0.89581069,0.947499091,0.904508741,0.864144556,
DASATINIB (GDSC2:1079)_AUC,num,Drug Screen,GDSC2_AUC,0.86273966,0.958828601,0.886423845,0.925041939,0.953790032,0.883185587,0.9144999,0.835495736,0.772337212,0.769973258,,0.968202959,0.656672381,0.904182868,0.861277021,0.800925252,0.830875755,0.685165854,0.935019162,,0.559896455,0.763577533,0.782900042,0.883513718,0.783018836,0.663348121,0.776444978
PACLITAXEL (GDSC2:1080)_AUC,num,Drug Screen,GDSC2_AUC,0.988760208,0.984764674,,0.993227854,0.996024488,0.98146575,0.998099258,,,0.991259625,0.995777364,0.895147402,0.947597522,0.921410416,,0.996538437,0.995217741,0.937983166,,,0.919327294,0.983388691,0.975673898,0.99540553,0.98814429,0.942241719,
CRIZOTINIB (GDSC2:1083)_AUC,num,Drug Screen,GDSC2_AUC,,0.978393123,,0.967335665,0.954057847,0.98836201,,,,,,0.949805355,,,0.975585209,,,,0.923997406,0.972920767,,0.920498365,0.963642729,,,,
AY-22989 (GDSC2:1084)_AUC,num,Drug Screen,GDSC2_AUC,0.950029785,0.863753362,,0.99636381,0.909146919,0.827323202,0.9943596,0.923755624,0.941565275,0.943275066,0.941078899,0.934046337,0.94226941,0.950938392,,0.951591999,0.932361089,0.772198792,0.819155881,,0.917968738,0.885357626,0.763811377,,0.928297049,0.878366565,0.899710408
284461-73-0 (GDSC2:1085)_AUC,num,Drug Screen,GDSC2_AUC,0.918789756,0.888092108,0.990839805,0.917381224,0.954316468,0.94532455,0.988595736,0.990623001,0.923809481,0.990778384,0.917391692,0.806269699,0.966161463,0.918764866,0.927134509,0.988334369,0.996400488,0.963466751,0.957662102,,0.692239606,0.993893402,0.889500691,0.995055947,0.910994838,0.981961962,0.978795132
IRINOTECAN (GDSC2:1088)_AUC,num,Drug Screen,GDSC2_AUC,0.961314623,0.858870524,0.935107624,0.895685944,0.933296863,0.834252693,0.940902059,0.980293857,,0.984943505,0.975088704,0.869160839,0.970439589,0.866844885,0.878357132,0.981574988,0.897407193,0.906555459,0.811457852,0.845363178,0.881324279,0.967381261,,0.954535125,,0.786783749,0.987551977
ELOXATIN (GDSC2:1089)_AUC,num,Drug Screen,GDSC2_AUC,0.963420704,0.979427875,0.952333771,0.957251902,0.960635029,0.957218008,,,0.956062402,0.957478781,,0.803966109,0.927412147,0.917605049,0.906068188,0.961093282,,0.826110527,0.961157505,0.845392015,0.977709369,0.862674238,0.849275212,0.983226808,0.920954814,0.886168469,0.986901157
BMS 536924 (GDSC2:1091)_AUC,num,Drug Screen,GDSC2_AUC,0.890098337,0.95987716,0.944316327,0.873012883,0.84353334,0.902276047,0.89321012,0.921825054,0.875680252,0.867028642,0.943993412,0.845274888,0.847572066,0.886437239,0.876209498,0.89762341,0.915640386,0.863241425,0.906901671,,0.967351286,0.825488188,0.719827857,0.882316883,0.86549023,0.859035653,0.85278273
GSK 1904529A (GDSC2:1093)_AUC,num,Drug Screen,GDSC2_AUC,0.939591265,0.927529696,,0.945314141,0.918051206,0.923214371,0.927929587,0.948603926,0.922954477,0.962655552,0.92338362,0.927234325,0.950556993,0.922141482,0.929937894,0.949476931,,0.923265746,0.933434167,,0.964328977,,0.940486456,0.915883908,0.95655903,,
APR-246 (GDSC2:1131)_AUC,num,Drug Screen,GDSC2_AUC,0.940283635,0.956590071,0.86039481,,0.977558124,0.946536146,,,0.946998655,,,0.816332749,0.962652607,0.97420144,,,,0.767702158,0.976821348,0.846719636,0.96530552,0.873346734,0.726432953,0.923697685,,,
ERLOTINIB (GDSC2:1168)_AUC,num,Drug Screen,GDSC2_AUC,0.906207502,0.93320329,0.980319748,0.954099482,,0.893166583,0.869090688,0.944498788,0.896815251,,0.955109574,0.958489639,0.941428352,0.931934075,0.917784437,0.827705206,0.899094638,0.891470152,0.943776419,,0.996661138,0.957584917,0.909470665,0.958244816,0.888134232,0.957939606,0.74545189
NIRAPARIB (GDSC2:1177)_AUC,num,Drug Screen,GDSC2_AUC,,0.957436098,,0.94327629,0.974369404,0.939991804,,0.92986904,,,0.914762279,0.791939734,,0.88386946,0.911439834,,,0.896415878,0.928946934,0.951089805,0.893701815,0.941058835,0.858954039,0.964435831,,,
ADAVOSERTIB (GDSC2:1179)_AUC,num,Drug Screen,GDSC2_AUC,0.686454064,0.795557524,0.910614645,0.830367435,0.815463708,0.696625657,0.859646733,0.792050432,0.750695846,0.875137007,0.803969523,0.663041824,0.798581646,0.636786672,0.861083557,0.800849444,0.782616294,0.675869611,0.702453458,,0.701967969,0.836588546,0.741646148,0.833965761,0.771231023,0.735826804,0.790077796
DINACICLIB (GDSC2:1180)_AUC,num,Drug Screen,GDSC2_AUC,0.743743624,0.495857721,0.784367725,0.823925525,0.828286342,0.814882904,,0.799372386,0.737012338,,0.851848938,0.557703485,0.69614531,0.690200975,0.788960511,,0.812836012,0.56332768,0.724865481,0.526143553,0.61797115,0.656418728,0.495799851,0.781284744,0.777341402,,0.8458876
GEMCITABINE (GDSC2:1190)_AUC,num,Drug Screen,GDSC2_AUC,0.828715208,0.565287269,0.816303755,0.844054984,0.808942438,0.667586588,,0.952400849,0.859395042,,0.94433989,0.590906963,0.914065714,0.573942436,0.742447624,0.926073666,0.86058813,0.825415825,0.633978726,,0.523651161,0.868287402,0.706635786,0.702962069,0.642199652,0.467958823,0.855478201
BORTEZOMIB (GDSC2:1191)_AUC,num,Drug Screen,GDSC2_AUC,0.804764387,0.912243217,0.888359801,0.799681678,0.855719678,0.785856579,0.927891652,0.90293735,0.825557475,0.904260764,0.893805205,0.828382459,0.890012667,0.836930421,0.921167862,0.847555659,0.890732252,0.726653519,0.83298096,,0.895083936,0.875961124,0.850117435,0.873631775,0.858963879,0.871109167,0.843966839
ICI-46474 (GDSC2:1199)_AUC,num,Drug Screen,GDSC2_AUC,0.914452967,0.941295774,0.916311321,0.913803845,0.942179554,0.904268742,0.941763637,0.909178848,0.975856299,0.908476677,0.974997441,0.870123928,0.978001804,0.923367452,0.917163974,0.945819319,0.897722418,0.929868221,0.93736738,,0.954503793,,0.875795824,0.935532275,0.895204188,0.873772049,0.927235201
FULVESTRANT (GDSC2:1200)_AUC,num,Drug Screen,GDSC2_AUC,0.956526625,0.960406299,0.969481593,,0.954681579,,0.950312842,0.975300665,,0.970072236,0.986584947,0.945428225,0.979995165,0.94568819,0.928032793,0.958605137,0.96211799,,0.967646873,,,,0.961360985,0.942007174,0.944285245,0.961216314,
EPZ-004777 (GDSC2:1237)_AUC,num,Drug Screen,GDSC2_AUC,0.944650729,0.978713015,,0.972469811,0.978904034,0.971215311,0.949955244,0.955337627,,,,0.980000159,,0.958930889,,,,,,,,0.940316328,0.962320726,0.981588195,0.955160218,0.925032376,0.989984492
YK 4-279 (GDSC2:1239)_AUC,num,Drug Screen,GDSC2_AUC,0.793956877,0.74638066,0.916246052,0.854571759,0.898811863,0.853189916,0.940255858,0.944515436,0.927303342,0.921064425,0.955526559,0.756811727,0.90039683,0.799384422,0.869430302,0.893059066,0.865296052,0.878132452,0.858745308,,0.893385751,0.907709407,0.787595424,0.933787064,0.860345179,0.764701063,0.918015337
APO866 (GDSC2:1248)_AUC,num,Drug Screen,GDSC2_AUC,,,,,0.727309203,,0.845141234,0.66351651,,,,0.447737227,,,,0.957963247,0.737611595,,,,0.656236532,0.502997845,,0.759018305,,0.739469932,
BMS-345541 (GDSC2:1249)_AUC,num,Drug Screen,GDSC2_AUC,0.926270857,0.905032687,,0.945934569,0.954620442,0.939188119,,0.924967447,,,,0.929068321,0.946416763,0.929767502,,,,0.933152418,0.900289899,0.949875045,0.943366711,0.924043989,0.913883312,0.903608861,0.924782564,,
AZ 960 (GDSC2:1250)_AUC,num,Drug Screen,GDSC2_AUC,0.932954193,0.839616892,,0.916702513,0.946277138,0.89390741,,0.875652623,0.917586058,,,0.787969363,0.814947044,0.908631736,0.873602581,,0.907993169,0.81360028,0.872604504,0.938661713,0.853137574,0.875288145,0.713721861,0.878156861,0.925996355,,
TALAZOPARIB (GDSC2:1259)_AUC,num,Drug Screen,GDSC2_AUC,0.903201234,0.742512337,,0.805817311,0.926167934,0.740643033,0.976749029,0.972126033,0.947463142,0.908291592,0.974664497,0.695875797,0.969357078,0.77386794,0.863285853,,0.88997938,0.918054996,0.874598017,,0.843034221,0.987069046,0.844621966,0.949052937,0.908841676,0.807580606,0.930429735
NVP-XAV939 (GDSC2:1268)_AUC,num,Drug Screen,GDSC2_AUC,,0.965807658,0.810956094,0.910026889,0.957868264,0.968465781,,0.909593886,0.983804033,,,0.956361739,0.86268299,,,,,0.934984364,,0.967063182,0.898843317,0.927402356,0.93951592,0.898419145,,,
TRAMETINIB (GDSC2:1372)_AUC,num,Drug Screen,GDSC2_AUC,0.951813164,0.867631103,0.960333784,0.91117348,0.637983378,0.760526944,0.886773068,0.903902262,0.880789273,0.835862024,0.899711812,0.666379011,0.901804381,0.912220846,0.927406665,0.818319588,0.923883371,0.837812903,0.730639772,,0.934989093,0.695417341,0.891941683,0.885280648,0.633375654,0.822109948,0.734508725
DABRAFENIB (GDSC2:1373)_AUC,num,Drug Screen,GDSC2_AUC,0.99610865,0.973864012,0.989055275,,0.663182969,,,,0.98643557,0.985894532,,0.971429144,0.862068551,0.99549096,0.979403158,0.98441709,0.928806326,,0.704157348,,0.947882377,0.997715094,0.982485391,0.972173223,0.884740146,0.900897155,0.969033709
M-39831 (GDSC2:1375)_AUC,num,Drug Screen,GDSC2_AUC,,,,0.914051459,,0.889501426,0.957493229,0.948965288,,,0.972126424,0.995602028,,0.994501467,,,,0.960871232,0.937401608,,0.96279113,0.943369788,,0.961349497,0.950888891,0.985187001,0.950558462
RUXOLITINIB (GDSC2:1507)_AUC,num,Drug Screen,GDSC2_AUC,0.952093438,0.936113856,,,0.96681946,,,,0.945847118,,,,0.932222438,0.962318068,,,,0.926540352,0.931758751,0.912131941,,,0.966515666,,0.921603272,,
ASP-7487 (GDSC2:1510)_AUC,num,Drug Screen,GDSC2_AUC,0.949028984,0.970707936,0.947188541,,0.924817454,0.979118118,0.946622387,0.944116498,0.939731438,0.888794665,0.935692081,0.931086419,0.891393525,0.963330266,0.932899286,,,0.952022257,,0.92329979,,0.89432421,0.912543337,0.932641764,0.944693783,0.939385604,0.974120486
ELLENCE (GDSC2:1511)_AUC,num,Drug Screen,GDSC2_AUC,0.859554369,0.688956712,0.935586572,0.865658455,0.865092965,0.817250521,0.950413875,0.890963135,0.867514192,0.913633513,0.96817873,0.604628026,0.879651547,0.787179216,0.9416739,0.90195995,0.865464834,0.793094919,0.809489295,,0.700616409,0.912220342,0.812614372,0.915305423,0.672153886,0.728265192,0.975850845
CYCLOPHOSPHAMIDE (GDSC2:1512)_AUC,num,Drug Screen,GDSC2_AUC,0.93554817,,0.968208205,0.998340419,0.966272105,,0.984606656,0.967864836,0.984251894,0.989190964,,,0.957847059,,0.943427837,0.946716212,0.963115217,0.927913115,,,0.954802929,0.990875827,0.970258513,0.988224985,,,0.982266479
PEVONEDISTAT (GDSC2:1529)_AUC,num,Drug Screen,GDSC2_AUC,0.849070722,0.680159513,0.865534899,0.818351686,0.737617248,0.607982253,0.987520419,0.868797658,0.841048601,0.95071041,0.901715237,0.781706358,0.913835147,0.583551058,0.776733171,,0.948398372,0.545277377,0.73081494,,0.438230004,0.952581784,0.728959987,0.791968902,0.665875939,0.792921821,0.8903163
AZD8931 (GDSC2:1549)_AUC,num,Drug Screen,GDSC2_AUC,0.93495655,0.967306812,,0.968009059,0.964452066,,0.920491847,0.936188646,0.913109932,0.887347398,,0.90341079,0.818703289,0.937521085,0.978267078,0.725041842,0.84843597,0.909447189,,,0.936449132,0.896862971,0.932404384,0.913031339,0.948922511,0.908853629,0.57888155
GSK-2141795 (GDSC2:1553)_AUC,num,Drug Screen,GDSC2_AUC,0.943473816,0.929603629,,0.907172891,0.92036691,0.885136676,,0.854286026,,,,0.687925505,0.857855502,0.933390675,0.852698179,,0.79360666,0.645516708,0.882456801,0.842375356,0.845602556,0.841816129,0.638674569,0.90287962,,,
LCL161 (GDSC2:1557)_AUC,num,Drug Screen,GDSC2_AUC,0.93181851,0.966057507,0.922569351,,0.963405907,0.971374297,,0.9497328,,,,0.919410451,,,,,0.911492484,0.828103718,0.944941981,0.971074548,,0.95014723,0.963340824,0.956418912,0.97492612,,
LAPATINIB (GDSC2:1558)_AUC,num,Drug Screen,GDSC2_AUC,0.978765289,0.986176968,0.953292038,0.973166166,0.96443171,0.977165577,0.935647131,0.938266648,0.936301629,0.902158828,0.994701636,0.827707452,0.885622709,0.933215369,0.94289891,0.79323793,0.84480705,0.965584522,0.98848084,,0.967845708,0.940028309,0.960877644,0.950678657,0.970724326,0.926955081,0.712113608
AUY (GDSC2:1559)_AUC,num,Drug Screen,GDSC2_AUC,0.826059626,0.821474007,0.878304367,0.961966278,0.9013918,0.799696574,0.870010906,0.877322213,,0.795350974,0.911424591,0.59702439,0.823010975,,0.86798811,0.919141361,0.805459449,0.64452116,,0.871554242,,0.822036346,0.524679949,0.938668769,0.740346407,0.598361708,0.997189525
ALPELISIB (GDSC2:1560)_AUC,num,Drug Screen,GDSC2_AUC,0.985999832,0.993937223,,,0.952784472,0.977642905,0.974094131,0.965850956,0.920508746,0.949714896,,0.784320654,0.935126671,0.990877729,0.934015546,0.949161235,0.900381141,0.956306811,,,0.973987922,,0.905290153,0.932715261,0.963152957,0.937030691,0.91979575
TASELISIB (GDSC2:1561)_AUC,num,Drug Screen,GDSC2_AUC,0.912069797,0.967491477,,0.963214023,0.967869332,0.926733623,0.907936582,0.931628942,0.767836234,0.866440498,,0.547130147,0.829702303,0.932565054,0.842847077,0.874006746,0.757393408,0.910402088,0.960173071,0.912588794,0.89308724,0.78983144,,0.864345301,0.951699942,0.857151145,0.687449112
PINOMETOSTAT (GDSC2:1563)_AUC,num,Drug Screen,GDSC2_AUC,,0.983017865,,0.996379226,0.978251988,0.968955781,0.997404197,0.983171504,0.965793242,0.99752963,0.96330078,0.988206834,,,0.969520122,0.997664653,,,0.965725557,,0.965403636,0.979880376,,0.989672713,,,
CS-1421 (GDSC2:1564)_AUC,num,Drug Screen,GDSC2_AUC,0.935599465,0.914221699,,0.942254809,0.742393207,0.834638146,0.942357099,0.927979482,0.944687925,0.882318856,0.919449608,0.746805168,0.966894441,0.908294019,,0.914421051,0.930941099,0.861825549,0.824149182,0.873215269,0.940427504,0.747412143,0.881439094,0.895693613,0.770820321,0.939423149,0.891428622
IWP-2 (GDSC2:1576)_AUC,num,Drug Screen,GDSC2_AUC,,,,,0.96861741,,,,0.964038285,,,0.965286288,,,,,,,,,0.926050493,0.948050984,0.940615809,0.95987202,,,
ARAVA (GDSC2:1578)_AUC,num,Drug Screen,GDSC2_AUC,0.894039861,0.895377273,0.826637845,0.963116175,0.880324305,0.895240537,,0.903643918,0.904987843,,0.852481459,0.871786575,0.869095441,0.925960764,0.866648498,,0.838852209,0.905945327,0.866848599,0.857173269,0.856687864,0.880370033,0.945341202,0.904639619,0.808819083,,
ENTINOSTAT (GDSC2:1593)_AUC,num,Drug Screen,GDSC2_AUC,0.985550315,0.963819523,0.926003619,0.943262892,0.907890978,0.934584659,,0.969825078,0.976216273,,0.937037281,0.846171716,0.84042682,0.810090713,0.920757961,,0.921685913,0.87391795,0.814549988,0.966423874,0.937766406,0.816181592,0.737239414,0.947011717,0.855993733,,0.90305099
A-1065-5 (GDSC2:1594)_AUC,num,Drug Screen,GDSC2_AUC,,,,,,,,,,,,,,,,,,,,0.952397932,,,,,0.94146724,,
LGK-974 (GDSC2:1598)_AUC,num,Drug Screen,GDSC2_AUC,0.922289969,0.974002058,0.923514182,0.931035678,0.944532616,0.928691438,0.968805381,0.942538115,0.93604503,0.981124595,0.910066474,0.935500004,,0.963047063,0.932146647,,0.945248541,0.958903447,0.94697118,0.88757108,0.926075538,0.933029815,0.967063397,0.953574578,0.919968959,,0.969072498
BERZOSERTIB (GDSC2:1613)_AUC,num,Drug Screen,GDSC2_AUC,,0.960477897,0.934623806,0.965362236,0.973946611,0.930501129,,0.945860124,0.865446514,,0.942737218,0.878499057,0.850819619,0.956673623,0.92674992,,,0.911764164,0.916937785,0.945999855,0.968084025,0.851648061,0.987458831,0.953972364,,,0.974151284
WZ 4003 (GDSC2:1614)_AUC,num,Drug Screen,GDSC2_AUC,,0.939107255,0.949293305,,0.939736485,0.901990223,,0.933889356,0.984451795,,0.979502922,0.922097478,0.914432959,0.994844804,0.964533179,,0.969995145,0.897697831,0.972330851,0.984325555,0.90305876,0.926722966,0.849049439,0.9441509,0.991990086,,0.990389783
CZC24832 (GDSC2:1615)_AUC,num,Drug Screen,GDSC2_AUC,,0.98278753,0.982302668,0.979762277,0.936541824,0.989182154,,,0.9710346,,,0.973457978,,,0.978197406,,,,0.926693505,0.992448,,0.954856807,0.966200161,0.978943826,0.977369011,,0.954686008
AOB5560 (GDSC2:1617)_AUC,num,Drug Screen,GDSC2_AUC,0.917443927,0.971286406,0.941136208,,0.908217643,0.974954586,,0.804287124,0.920072586,,0.69877699,0.83646915,0.866889674,0.597133551,0.942736543,,0.379699823,0.46243384,0.920636068,0.875895586,0.953404025,0.967447637,0.720655977,0.978521611,0.974170987,,
AK175551 (GDSC2:1618)_AUC,num,Drug Screen,GDSC2_AUC,0.952598071,0.947230121,,0.966921699,0.966156026,0.926388022,,0.951588844,0.942478594,,0.955087525,0.879941117,0.900015017,0.946063349,0.943532145,,0.911126339,0.911693499,0.921932893,0.886587592,0.892756849,,,0.978529256,0.980693317,,0.938667401
AOB2221 (GDSC2:1620)_AUC,num,Drug Screen,GDSC2_AUC,,,0.973048308,0.981313301,0.959562319,0.978653172,,,,,,0.977023883,,,0.968387576,,,0.970534555,0.914999184,,,,,,,,
AK298746 (GDSC2:1621)_AUC,num,Drug Screen,GDSC2_AUC,0.963479664,0.949216183,,,0.958128995,0.970755075,,0.932863214,,,0.958082885,0.920142133,0.895848283,0.96812952,0.968225025,,0.944147585,0.932474306,0.969161718,0.959000269,0.972720324,,0.885662131,,0.964548709,,0.943181216
WNT-C59 (GDSC2:1622)_AUC,num,Drug Screen,GDSC2_AUC,0.959109394,0.936683751,0.945097835,0.932701779,0.912575929,0.975743851,,0.906925341,0.926641302,,0.956472116,0.949286307,0.964252401,0.992852211,0.946469979,,,0.94511392,,0.906830215,0.938831288,,0.989329769,0.967509557,0.983745038,,0.936351011
GSK525762A (GDSC2:1624)_AUC,num,Drug Screen,GDSC2_AUC,0.955498736,0.94251761,0.95475326,0.912819497,0.940363586,0.90392526,,0.848578537,0.9510364,,0.963106245,0.866129347,0.880816897,0.895832478,0.956895147,,0.892371738,,0.939091016,,0.881335198,0.823449721,0.728172683,0.89685544,0.926950987,,0.844071055
1044870-39-4 (GDSC2:1625)_AUC,num,Drug Screen,GDSC2_AUC,,0.975292006,,0.950538733,0.96709289,,,0.91949668,,,0.952910747,0.975560693,0.905674516,0.959564214,0.965672037,,,,,,0.945598989,,0.896218979,0.941324266,,,0.954426167
BIRABRESIB (GDSC2:1626)_AUC,num,Drug Screen,GDSC2_AUC,0.877881342,0.844607964,0.868997842,0.877985097,0.892112796,0.878147056,,0.795498502,0.873215725,,0.924657428,0.686701842,0.852097858,0.791260662,0.898719223,,0.835611376,0.811781719,0.895218407,0.933684583,0.787871725,0.753030365,0.518259463,0.878462866,0.899467168,,0.799128581
AK175558 (GDSC2:1627)_AUC,num,Drug Screen,GDSC2_AUC,,0.962162311,,0.934352062,0.956412344,0.970143657,,,0.957714736,,,,,,,,0.951042984,,,,0.977146499,,0.980923949,,,,0.924905745
AOB2313 (GDSC2:1629)_AUC,num,Drug Screen,GDSC2_AUC,0.938352293,0.895722931,0.938488627,0.946712687,0.911579079,0.93147485,,0.926039874,0.951834766,,0.944480695,0.906662835,0.914318349,0.964515057,0.910942159,,,0.932131932,0.906377036,0.882383351,0.977269824,,0.980119322,0.938820815,0.932798815,,0.922099978
ENTOSPLETINIB (GDSC2:1630)_AUC,num,Drug Screen,GDSC2_AUC,0.963989598,0.909560233,,,0.963896014,0.937197144,,0.932839072,0.929148351,,0.964315262,0.880126302,0.867593848,0.912043149,0.942537172,,0.925755037,0.84435677,,,0.877777956,0.858074305,0.879052213,0.910818321,0.941763166,,0.956371004
BIIB-057 (GDSC2:1631)_AUC,num,Drug Screen,GDSC2_AUC,,0.93441045,,0.946111017,0.923111524,0.969936928,,,0.923138583,,0.956788146,0.881093563,0.862692128,0.925671706,0.884213369,,0.94413982,0.890818538,0.946137629,,0.936167872,0.8778247,0.790598358,0.934761438,0.976120681,,0.958932735
AGI-6780 (GDSC2:1634)_AUC,num,Drug Screen,GDSC2_AUC,0.937497548,0.943779224,,0.947057499,0.936858578,0.959933267,,0.926371613,0.923316146,,0.989923657,0.950343825,,0.943109796,0.9478517,,,0.93854468,0.905302629,0.905594251,0.950843207,,0.979534571,0.918799558,0.956512692,,0.891145809
PICOLINATE (GDSC2:1635)_AUC,num,Drug Screen,GDSC2_AUC,,0.980096648,,0.956752655,0.973442439,,,,0.96751819,,,,0.96888193,0.964665938,,,,,,,0.974690656,0.924855337,0.985573731,0.941156544,,,0.906245451
1035270-39-3 (GDSC2:1786)_AUC,num,Drug Screen,GDSC2_AUC,,0.918763289,0.967991175,0.913654443,0.9779204,0.949608461,0.95432744,0.993225156,0.960364595,0.921450558,0.950101685,0.811946019,0.998310334,0.947642325,0.926992785,,,,0.955686422,,,0.967819893,0.945224871,,,0.917878963,0.95097409
CRA-032765 (GDSC2:1799)_AUC,num,Drug Screen,GDSC2_AUC,0.985283629,0.974223892,,,,0.985029555,,0.952339769,0.985116374,,,0.934376842,0.902377212,0.960164423,0.974390752,,,0.961142372,,,0.978911466,,0.875563105,0.95354059,,,0.747560484
RECLAST (GDSC2:1802)_AUC,num,Drug Screen,GDSC2_AUC,,0.997246339,,,,0.97589731,,,0.971462476,,,0.934854975,0.975744682,0.995294307,,,,,0.998706833,0.988077738,,,0.938777326,,0.982656689,,
ACETALAX (GDSC2:1804)_AUC,num,Drug Screen,GDSC2_AUC,0.517909426,0.778229592,0.929991606,0.89318273,0.966292144,0.815246129,,0.986900471,0.550596731,,0.579181809,0.718253656,0.960770444,0.88048962,0.997293041,,0.99734118,0.936007031,0.958538465,0.810730483,0.961443972,0.995120035,0.962757114,0.998746207,0.97141541,,0.994010483
ELOXATIN (GDSC2:1806)_AUC,num,Drug Screen,GDSC2_AUC,0.978868385,0.979029791,0.968255259,0.983385262,0.998171815,0.992444051,,0.983698856,0.9668964,,0.965235499,0.814999,0.918149936,0.946450027,0.9670319,,,0.865318119,0.962642352,0.905634856,,0.923290383,0.796279478,0.966394655,0.940638338,,
CARMUSTINE (GDSC2:1807)_AUC,num,Drug Screen,GDSC2_AUC,0.999083188,0.97973326,0.958930756,,0.994837279,0.962971875,,0.970858484,0.98173733,,0.983525382,0.934169183,0.964831567,0.981984871,,,,0.9831687,0.95846167,0.947984332,,0.988044528,0.991554956,0.961034389,0.997803818,,0.998142606
TOPOTECAN (GDSC2:1808)_AUC,num,Drug Screen,GDSC2_AUC,0.883566563,0.657149843,0.705005301,0.745774262,0.909194264,0.752455813,,0.922542058,0.919797368,,0.952999904,0.661072318,0.838091895,0.708084536,0.727894546,,0.860591712,0.84122859,0.62970934,0.748564027,0.737269574,0.806430638,0.719467443,0.728879491,0.816594325,,
TENIPOSIDE (GDSC2:1809)_AUC,num,Drug Screen,GDSC2_AUC,0.926603822,0.622421207,0.866757192,0.84013948,0.938965311,0.836608491,,0.917932162,0.893958087,,0.976230306,0.582025046,0.907699755,0.756978511,0.925311793,,0.890061358,0.723600033,0.798097255,0.732682101,0.740082447,0.925776214,0.682813486,0.814138896,0.844728885,,0.991044688
MITOXANTRONE (GDSC2:1810)_AUC,num,Drug Screen,GDSC2_AUC,0.929433197,0.612992668,0.843653004,0.826579007,0.994211353,0.822380941,,0.964448366,0.907530421,,0.89047889,0.520086522,0.760009831,0.67177383,0.758000235,,0.795907577,0.810178675,0.744982811,0.817705453,0.7347396,0.707680798,0.711937979,0.873346846,0.786681606,,0.93324202
AC-DE (GDSC2:1811)_AUC,num,Drug Screen,GDSC2_AUC,,0.985570006,0.936301271,,,0.984414707,,0.977939314,0.976757294,,0.968445224,0.890129393,0.935068189,0.942878918,0.990870671,,0.963177193,0.924557153,0.92623627,0.882584733,0.915048214,0.931953316,0.87472939,0.958668211,0.992244424,,
FLUDARA (GDSC2:1813)_AUC,num,Drug Screen,GDSC2_AUC,0.97727707,0.941104522,0.955003957,0.983583753,0.997500317,0.992961421,,0.977327644,,,0.985224229,0.909818634,0.934642419,0.808328133,0.998354508,,0.93665,0.980748983,0.920501715,0.865626625,0.930797416,0.975167778,0.982856507,0.960820998,0.934919483,,0.996203416
NELARABINE (GDSC2:1814)_AUC,num,Drug Screen,GDSC2_AUC,0.992964589,,0.97244185,,0.98903001,,,,,,,0.965280249,0.966878504,0.957964873,,,0.953365667,,0.987695441,,,,,0.974711684,0.968539445,,0.996801473
FULVESTRANT (GDSC2:1816)_AUC,num,Drug Screen,GDSC2_AUC,0.984014866,0.951127654,0.954005737,,0.993546018,0.985413855,,0.954365336,0.985880526,,,0.906089964,0.931135012,0.948307498,0.991246879,,0.97251232,0.964918715,0.963214041,0.918167535,,,0.992692095,0.901531193,0.953923715,,0.995752349
VINCRISTINE (GDSC2:1818)_AUC,num,Drug Screen,GDSC2_AUC,0.494276523,0.358793975,0.707800793,0.747739401,0.811467469,0.732322745,,0.833909101,0.865496195,,0.812132345,0.402501616,0.734315113,0.444667816,0.809971753,,0.78252758,0.528462486,0.610421618,0.468173047,0.613507248,0.744303281,0.345373785,0.662065009,0.815942766,,0.917203313
DOCETAXEL (GDSC2:1819)_AUC,num,Drug Screen,GDSC2_AUC,0.56345811,0.51291253,0.791903254,0.70817558,0.925283549,0.682761167,,0.779555099,0.829677019,,0.846554123,0.452432355,0.680472008,0.379853582,0.697017299,,0.724303527,0.575011526,0.561724516,0.670812215,0.482849371,0.61969121,0.381104742,0.621423608,0.786643937,,0.82451982
PODOPHYLLOTOXIN BROMIDE (GDSC2:1825)_AUC,num,Drug Screen,GDSC2_AUC,0.799993386,0.733622447,0.86605993,0.909118215,0.954389499,0.858814032,,0.891571655,0.913686015,,0.923988903,0.78522214,0.842863563,0.710478688,0.911238014,,0.870817433,0.789131188,0.85245481,0.844496319,0.831828373,0.859459653,0.784025566,0.862400025,0.882105035,,0.929596921
DIHYDROROTENONE (GDSC2:1827)_AUC,num,Drug Screen,GDSC2_AUC,0.793630827,0.842433795,0.855509743,0.778330425,0.735225429,0.907631808,,0.868210746,0.87049186,,0.820822548,0.843426359,,0.935020018,0.995267448,,0.913990666,0.903650019,0.885130865,0.681730556,0.88736848,0.91258756,0.983671532,0.921842821,0.869077008,,0.901822481
GALLIBISCOQUINAZOLE (GDSC2:1830)_AUC,num,Drug Screen,GDSC2_AUC,,0.934560516,,0.958923317,,0.989911203,,,,,,0.960550799,0.977017361,0.981857643,0.984771695,,0.958739361,0.98270214,0.925314529,,0.952831126,0.965564096,0.995137214,,0.968996801,,0.997947267
ELEPHANTIN (GDSC2:1835)_AUC,num,Drug Screen,GDSC2_AUC,0.942383697,,0.920952108,,,0.925409034,,0.897103101,0.934394065,,0.929123808,0.822547338,0.895222798,0.871261259,0.944221035,,0.956531112,0.815399784,0.892163676,0.833296346,0.852374523,,0.863673601,0.955097783,0.936825303,,0.989245523
SINULARIN (GDSC2:1838)_AUC,num,Drug Screen,GDSC2_AUC,0.990577216,0.988495879,0.955799313,0.921602782,0.989162054,0.939448132,,0.973637131,0.912193437,,0.956092608,0.948201456,,,,,0.969611088,0.967668731,0.965755105,0.970500607,0.970298009,,0.931938317,,,,0.987767377
BI-97C1 (GDSC2:1849)_AUC,num,Drug Screen,GDSC2_AUC,0.581505748,0.580617037,0.610315812,0.657423783,0.822850197,0.780728391,,0.786911718,0.592543481,,0.676129551,0.334038526,0.660814351,0.511505361,0.581104275,,0.856707135,0.708480123,0.743639856,0.45510447,0.69462257,0.672385286,0.605095244,0.819102203,0.650076175,,0.901463446
5XE (GDSC2:1852)_AUC,num,Drug Screen,GDSC2_AUC,0.954811629,0.991440556,,,,,,,0.942818715,,,,,0.934850516,,,,,0.95854181,,,,,,0.945750944,,
OF-1 (GDSC2:1853)_AUC,num,Drug Screen,GDSC2_AUC,0.892970253,0.934858168,0.908684908,0.948042679,0.906703466,0.917071954,,0.925755823,0.938113982,,0.931093748,0.935030242,0.892190921,0.980917136,0.862314307,,0.971392998,,0.922122483,0.868830225,0.967064262,,0.933136454,0.95455484,,,0.901181809
MN-64 (GDSC2:1854)_AUC,num,Drug Screen,GDSC2_AUC,0.945310542,,0.964509927,0.970398729,0.959455505,0.947655485,,,0.953870505,,0.969899367,0.919409959,0.887552557,0.943684495,0.938485073,,0.972003789,0.970781715,,0.982319423,0.907248223,,,,0.906178487,,0.983327358
GTPL8020 (GDSC2:1855)_AUC,num,Drug Screen,GDSC2_AUC,0.973661001,0.903587555,0.960357953,,0.985562995,0.879746419,,0.949645129,0.980437181,,0.924965535,0.870326554,0.980348033,0.893670953,0.945812777,,,0.937099066,0.979345565,,0.93337006,0.93868071,0.8634323,0.963216374,0.930104415,,0.953753378
BDP-00009066 (GDSC2:1866)_AUC,num,Drug Screen,GDSC2_AUC,0.94586077,0.92068986,0.974651794,0.960374153,0.903214032,0.826049901,0.940589372,0.883552868,0.94678674,0.906832906,0.984621973,0.782498351,0.891769199,0.884648854,,0.965071078,0.955258607,0.879739954,0.880314314,,0.817765016,0.853509189,0.854266067,0.883222638,0.851596787,0.850140122,0.945024915
BKM120 (GDSC2:1873)_AUC,num,Drug Screen,GDSC2_AUC,0.799951299,0.756631172,0.927577378,0.804912104,0.863444755,0.730098988,0.884909061,0.8854053,0.796042621,0.826822337,0.874231317,0.666576452,0.809306178,0.769762405,0.773104195,0.816985034,0.839525573,0.853903312,0.816177226,,0.850677356,0.795550718,0.756828779,0.83575533,0.749538431,0.726057203,0.791652436
BVD-523 (GDSC2:1908)_AUC,num,Drug Screen,GDSC2_AUC,0.886386528,0.855684129,,0.89574343,0.813817477,0.789628299,0.907475027,0.905421804,0.904262751,0.869130046,0.916301661,0.730628176,0.959572611,0.855394962,0.910219303,0.902804799,,0.873108472,0.845188291,,0.930025162,0.829264105,0.899266764,0.845530521,0.738781006,0.884019896,0.861449364
VENETOCLAX (GDSC2:1909)_AUC,num,Drug Screen,GDSC2_AUC,0.925937954,,0.978299062,,0.939858966,0.946138956,0.913463078,0.970148625,0.958562368,0.958096646,0.941416674,0.992919027,,,0.921277088,0.90270418,0.912188395,0.981839935,,,0.994961031,0.985003635,0.898724383,0.938136587,0.918376676,0.952073061,0.949234015
ABT737 (GDSC2:1910)_AUC,num,Drug Screen,GDSC2_AUC,0.888517964,0.90461488,0.878871751,0.669964775,0.740268311,0.895521443,0.8967322,0.890400245,0.760857542,0.917543616,0.944564801,0.970013799,0.973768525,0.930540266,0.845898007,0.757802974,0.927014042,0.90644624,0.920426902,,0.783736699,0.944884248,0.740875619,0.948896767,0.909393382,0.944881205,0.861563642
AC-DE (GDSC2:1911)_AUC,num,Drug Screen,GDSC2_AUC,0.513783524,0.339724162,0.635879179,0.518537379,0.659575391,0.496758526,0.889203963,0.694658217,0.538404863,0.690325687,0.613692415,0.298863972,0.573388824,0.338418262,0.682624641,0.514135442,0.617180604,0.459164513,0.48260021,,0.355391865,0.619646391,0.277627692,0.778916951,0.394272845,0.351051735,0.662887863
AFURESERTIB (GDSC2:1912)_AUC,num,Drug Screen,GDSC2_AUC,0.866897479,0.97416356,0.92693346,0.926040695,0.864120866,0.906721098,0.950384667,0.89949274,0.864455707,0.933221098,0.956964771,0.736901355,0.909866238,0.898646174,0.811920269,0.917167106,0.813338223,0.703499357,0.924998746,,0.909733964,0.898559689,0.790489599,0.912942483,0.86157129,0.878259344,0.862869766
AGI-5198 (GDSC2:1913)_AUC,num,Drug Screen,GDSC2_AUC,0.927885177,0.96383908,,0.989713309,0.934659608,0.935594567,0.957132591,0.941932049,0.980588205,0.947853285,0.967271649,0.986795893,0.998700629,0.956035043,0.949133538,,,0.916603112,,,0.968273852,,0.931998206,,,,0.944012826
AZD3759 (GDSC2:1915)_AUC,num,Drug Screen,GDSC2_AUC,0.953741067,0.955749435,0.968381286,0.985831951,0.93474247,0.973565905,0.937918153,0.937958788,0.926999377,0.928267231,0.976119427,0.987035106,0.943688212,0.967971395,0.95929858,0.879902869,,0.950891206,,,0.947584093,0.959051117,0.964589311,0.972951814,,0.950582307,0.874089742
CAPIVASERTIB (GDSC2:1916)_AUC,num,Drug Screen,GDSC2_AUC,0.91700348,0.948350419,0.913130871,0.965507317,0.927492705,0.91795546,0.952052503,0.887377495,0.924733872,0.89269146,0.99268895,0.790235772,0.88709721,0.948021403,0.875892708,0.926886667,0.841571874,0.781204013,0.950843465,,0.939204147,0.933596322,0.771692822,0.914936686,0.899781319,0.835517676,0.913210105
CERALASERTIB (GDSC2:1917)_AUC,num,Drug Screen,GDSC2_AUC,0.894400733,0.879636165,0.942897152,0.896066112,0.887124844,0.823790236,0.947913746,0.923613162,0.869252107,0.885915336,0.967055155,0.871039253,0.925816761,0.905880629,0.880015054,,0.866349304,0.778689977,0.819063777,,0.749844914,0.843298015,0.83508418,0.878866393,0.844225586,0.800107174,0.895680878
AZD 8186 (GDSC2:1918)_AUC,num,Drug Screen,GDSC2_AUC,0.83372348,0.98556392,0.944249644,0.923761331,0.959850553,0.927461495,0.911584324,0.899777865,0.898838516,0.900417658,0.971299581,0.815011831,0.840749215,0.897864084,0.886899881,0.820164398,0.877939695,0.906992785,0.922739176,,0.967911377,0.92542542,0.823514731,0.918445468,0.900866191,0.78962476,0.865860636
AZD 9291 (GDSC2:1919)_AUC,num,Drug Screen,GDSC2_AUC,0.922048364,0.952556793,,0.930221969,,0.921988088,0.921047527,0.964052675,0.897096842,0.911411048,0.953357561,0.935557787,0.964200532,0.956952001,0.93618871,0.878695044,0.85921301,0.956770411,0.966032755,,,0.995883541,0.947022407,0.962748314,0.932361491,0.887063138,0.80961715
AZD 2171 (GDSC2:1922)_AUC,num,Drug Screen,GDSC2_AUC,0.881353671,0.882392375,0.963875563,0.903618468,0.938744292,0.949854187,0.898512376,0.933654921,0.861375085,0.866715163,0.923948959,0.759665651,0.918187811,0.942842739,0.910652108,0.860658214,0.9312344,0.955003621,0.923553383,,0.907582814,0.908407059,0.876475549,0.940988697,0.90204025,0.827692658,0.815296958
IPATASERTIB (GDSC2:1924)_AUC,num,Drug Screen,GDSC2_AUC,0.920006678,,0.950020992,0.986686941,0.952528934,0.94045468,0.92743498,0.948647504,0.909820454,0.937280632,0.973496376,0.831107294,0.928212057,0.962999141,0.931924535,0.921596739,0.844923136,0.826207318,,,0.962209052,0.915936964,0.828624465,0.926253508,0.951947483,0.897582204,0.996980997
GDC 0810 (GDSC2:1925)_AUC,num,Drug Screen,GDSC2_AUC,0.90402468,0.97717913,0.984104027,0.97057312,0.946974288,,,,,,0.97257415,,,0.990576479,0.951535377,0.968781099,,,0.951092808,,,,0.965602345,0.957742424,0.951379144,0.970715383,
GNE 317 (GDSC2:1926)_AUC,num,Drug Screen,GDSC2_AUC,0.774357949,0.751497131,0.815260394,0.847266982,0.797827455,0.671204882,0.846201592,0.83168612,0.758787971,0.785691662,0.853077624,0.558854305,0.737132422,0.756569786,0.721687948,0.770562802,0.730722508,0.738986454,0.762551077,,,0.671604651,0.631141467,0.826427365,0.682145882,0.596129278,0.737418998
GSK 2578215A (GDSC2:1927)_AUC,num,Drug Screen,GDSC2_AUC,0.983285049,,0.958004471,0.988779369,0.978910597,,,0.967065741,0.992615681,0.959064964,0.996005347,0.948617763,0.986269429,0.968248773,0.92645174,,0.982595469,0.962826762,0.957836722,,0.933765634,0.963133865,0.930872991,,0.918847231,0.991601739,0.993138027
GSK 602 (GDSC2:1928)_AUC,num,Drug Screen,GDSC2_AUC,0.991966743,0.977876136,0.965808297,0.980885525,0.962476584,0.994702443,0.963571896,0.958993489,0.993118775,0.913990361,0.997252032,0.951806878,0.964001286,0.980275209,,0.930596601,0.973204122,0.932730779,,,0.935512339,0.98184471,0.987600714,0.973317221,0.948185474,0.922277399,0.994139933
MST 312 (GDSC2:1930)_AUC,num,Drug Screen,GDSC2_AUC,0.751153624,0.778005255,0.752087632,0.745866821,0.875363011,0.720112951,0.956312023,0.880251103,0.809096582,0.772137802,0.859387123,0.574988184,0.78919391,0.620049285,0.897416385,0.768679304,0.84125172,0.68349167,0.765480093,,0.702163106,0.83292478,0.750721387,0.889617763,0.667127783,0.553825173,0.982107516
MIRA 1 (GDSC2:1931)_AUC,num,Drug Screen,GDSC2_AUC,,,0.997994874,,,,0.995382176,,,0.950991436,,,0.99247164,,,0.97811367,0.990664138,0.992122072,,,,0.966919786,,0.9931689,,0.974528767,
NVP ADW742 (GDSC2:1932)_AUC,num,Drug Screen,GDSC2_AUC,0.97656882,0.942960052,0.990406506,0.942882065,0.92378567,0.907718594,0.970155063,0.958536559,0.926189394,0.868927194,0.972299742,0.893035679,0.924447369,0.933121515,0.934471603,0.973650683,0.990724141,0.968634346,0.973132362,,0.944821393,0.911274321,0.871802639,0.97157485,0.985703407,0.955961175,0.94129371
P 22077 (GDSC2:1933)_AUC,num,Drug Screen,GDSC2_AUC,0.942937748,0.980607593,0.973083829,,,0.938788607,0.998605053,0.986752349,,0.977116438,0.963761551,0.990451531,0.966592708,0.932785329,,0.968848391,0.993817109,0.917115345,0.940456881,,0.99366842,0.972729963,0.887096335,,0.939857073,,0.982372253
SAVOLITINIB (GDSC2:1936)_AUC,num,Drug Screen,GDSC2_AUC,0.923249286,,,0.937462882,,0.936711627,,0.995158017,0.919479442,0.986855931,0.962746117,0.998070431,0.995527842,0.93538182,0.950321972,0.995331512,0.992875305,0.941896366,0.938200653,,0.969212771,0.988777664,0.918942318,,0.927530744,0.99281866,0.943623731
UMI 77 (GDSC2:1939)_AUC,num,Drug Screen,GDSC2_AUC,0.872886326,0.872387455,,0.889922083,0.987139645,0.904382044,0.914473965,,0.922458363,0.948677996,0.934350151,0.888447754,0.969913814,0.944000852,0.920487431,0.96279091,0.922565435,0.948264881,0.923657347,,0.913170699,0.962450887,0.922871174,0.927892539,0.911211097,0.89147123,0.939352265
WIKI 4 (GDSC2:1940)_AUC,num,Drug Screen,GDSC2_AUC,0.876592681,,0.972589283,0.863800107,0.9416219,0.912585835,0.918865376,0.927247286,0.880960885,0.901361265,0.85521662,0.931717535,0.979145416,0.922824157,0.873186619,0.929463226,0.942197495,0.876322388,0.924581205,,0.889448691,0.904326667,0.869025011,0.88375663,0.89065176,0.92161773,0.834671139
SEPANTRONIUM BROMIDE (GDSC2:1941)_AUC,num,Drug Screen,GDSC2_AUC,0.168855124,0.185293607,0.326870542,0.283473194,0.21432301,0.228215534,0.52741644,0.172471242,0.231333661,0.143053646,0.155263124,0.239016879,0.454201776,0.192592531,0.50167446,0.260649439,0.189092624,0.153668063,0.33176968,,0.11914593,0.192640907,0.278749781,0.290996265,0.251409718,0.139794523,0.627824316
MIM 1 (GDSC2:1996)_AUC,num,Drug Screen,GDSC2_AUC,0.893686579,0.931262666,,0.935170817,0.945040317,0.924609914,0.917959755,0.949502523,0.955904387,0.939360574,0.95744727,0.945406927,0.993930373,0.911723506,0.972319326,0.909841115,0.919356418,0.963340454,0.907736483,,0.990984946,0.943213229,0.887623972,0.939694778,0.9156439,,0.962017715
WEHI-539 (GDSC2:1997)_AUC,num,Drug Screen,GDSC2_AUC,0.905158971,0.986768634,0.913933068,0.711241818,0.856786779,0.928189579,0.881791136,0.879014449,0.742816548,0.865928589,0.963604757,0.982996256,0.958896654,0.94985807,0.822261336,0.897465096,0.899352198,0.949424625,0.946424244,,0.9393269,0.927604818,0.871307553,0.943887448,,0.891412493,0.973826624
BPD-00008900 (GDSC2:1998)_AUC,num,Drug Screen,GDSC2_AUC,,0.959383341,,0.953628147,,0.953611559,0.942646295,,0.938041441,0.933519665,0.97203701,0.922407605,0.949589957,0.971647077,0.970909949,,0.966035028,,,,0.948462033,0.907910506,0.91625339,0.886895012,0.953111056,0.95893009,
EXEL-2880 (GDSC2:2040)_AUC,num,Drug Screen,GDSC2_AUC,0.891265814,0.833162997,0.959625508,0.855615976,0.843619948,0.969791768,0.831247189,0.92064833,0.872516739,0.863623229,0.892055675,0.638565186,0.804705368,0.895925173,0.880460835,0.880840268,0.918202745,0.785949529,0.815378736,,0.790218001,0.857186045,0.700900611,0.917541876,0.848396196,0.677727748,0.875485985
BIBR-1532 (GDSC2:2043)_AUC,num,Drug Screen,GDSC2_AUC,,0.983214009,0.958728054,0.940574516,0.948598854,0.984034299,0.993503592,,,,0.922231486,,0.922877567,0.966309144,,0.988709245,0.972067151,0.966556023,0.963360383,,0.984226884,0.965169758,0.988463523,0.985601099,0.929095766,0.973213888,
PYRIDOSTATIN (GDSC2:2044)_AUC,num,Drug Screen,GDSC2_AUC,0.9728897,0.963808763,0.929709946,0.956501454,0.959657198,0.98771448,0.974939704,0.968095519,0.974638767,0.970469127,0.957104635,0.916002017,0.965577979,0.937363611,,0.989668827,0.918612909,0.921106918,0.967755747,,0.852757287,0.945416674,0.987083943,0.984092667,0.94292478,0.977228008,
AMG-319 (GDSC2:2045)_AUC,num,Drug Screen,GDSC2_AUC,0.946504591,0.989250287,,0.953162109,,0.982282841,0.956882069,0.98208739,,0.976278247,0.97617798,0.961026073,0.964705111,,0.96022842,,0.969068475,0.991111744,0.963961223,,0.99079969,0.9653569,,0.993272475,0.96963417,0.947408907,0.987802998
MK-8776 (GDSC2:2046)_AUC,num,Drug Screen,GDSC2_AUC,0.981654978,0.978021505,0.933931957,0.931106207,0.961401763,0.992950714,,0.962407154,0.932918328,0.95789079,0.965952671,0.941290676,0.9400464,0.892809084,0.96972605,0.98979012,0.958540431,0.913639334,0.887202401,,,0.947590192,0.991339804,0.966200032,0.972885101,0.982214794,
BVD-523 (GDSC2:2047)_AUC,num,Drug Screen,GDSC2_AUC,0.921288459,0.961987476,,0.957539477,0.911280733,0.951637839,0.988243257,0.922476578,0.963673103,0.920628256,0.993696113,0.876077166,0.975317193,0.926056429,0.983498422,0.991615925,0.972643371,0.970665886,0.899719768,,0.99834402,0.920232135,0.963244986,0.937682904,0.903153817,0.988954241,0.986275319
EXELBINE (GDSC2:2048)_AUC,num,Drug Screen,GDSC2_AUC,0.840075031,0.753388072,0.952333631,0.912961709,0.929582472,0.849442753,0.998460517,0.898567842,0.929231799,0.913481702,0.968775158,0.662665888,0.956910744,0.786230586,0.980985568,0.949800522,0.891187595,0.833445204,0.709564445,,0.815613545,0.88470207,0.748046088,0.822516404,0.776147548,0.746077562,
VX-11E (GDSC2:2096)_AUC,num,Drug Screen,GDSC2_AUC,0.952743497,0.887244115,0.981296073,0.971608375,0.87429069,0.895065625,0.969933356,0.930628334,0.966015162,,0.915461046,0.874742385,0.985232612,0.981306558,0.976916264,0.931246677,0.969728835,0.920841164,0.828527338,,0.941866169,0.822894921,0.951597563,0.912851445,0.77735887,0.925338978,0.857475397
GSK-2141795 (GDSC2:2106)_AUC,num,Drug Screen,GDSC2_AUC,0.910692619,0.998243875,,0.997270894,0.951283043,0.945885758,0.982691742,0.981492921,0.877764231,0.96230973,,0.812978398,0.918052171,0.903104751,0.93855882,0.962007597,0.870689772,0.681004854,0.890065556,,0.944261329,0.929801848,0.788118478,0.90397543,0.950086185,0.878905583,0.940375122
LJI308 (GDSC2:2107)_AUC,num,Drug Screen,GDSC2_AUC,,,,,0.991309749,0.952693257,,0.975616486,0.991787529,,,,,0.89197002,,0.976390559,0.973235083,0.967027933,0.938134573,,0.989285756,,0.986546286,,,,
AZ6102 (GDSC2:2109)_AUC,num,Drug Screen,GDSC2_AUC,0.920152806,0.982653179,0.850979316,0.92372151,,0.921137512,0.937867682,0.926571889,0.940295976,0.896337663,0.83808111,0.860941651,0.932712384,0.881506757,0.935637027,0.926872706,0.921413765,0.87026576,0.852062351,,,0.944860918,0.813615303,0.905933919,0.904102591,0.74158363,0.944035787
EPZ015866 (GDSC2:2110)_AUC,num,Drug Screen,GDSC2_AUC,,0.981734149,0.944520735,,,0.959009376,,0.988190399,,0.908760204,0.922448894,0.966656679,,,,,,0.930322824,0.904641994,,,,0.935354795,0.939991668,0.942135724,0.924402941,
VE 821 (GDSC2:2111)_AUC,num,Drug Screen,GDSC2_AUC,0.963771603,0.87619706,,0.943970677,0.925698575,0.929774414,,0.993505137,0.954735406,0.920889135,0.96210009,0.966816624,0.953403198,0.961596502,,,0.955049738,0.913434283,0.894582673,,0.93572488,0.98063389,0.960934546,0.905400023,0.970800886,0.957670395,0.988676358
AT13148 (GDSC2:2170)_AUC,num,Drug Screen,GDSC2_AUC,0.969584676,0.982131843,0.933321846,0.984070332,0.941351257,0.947997704,,0.973060583,0.97815951,0.914547108,,0.951947905,0.887500011,,0.995320418,0.961041446,0.953488542,0.844111482,0.89960927,,0.838722818,0.944024615,0.859331106,,0.971360868,0.904175626,0.929395856
