depmap_id,Data_Type,Category,Sub_Category,ACH-000091,ACH-000701,ACH-000256,ACH-000237,ACH-000324,ACH-000947,ACH-000291,ACH-000663,ACH-000617,ACH-000811,ACH-000001,ACH-000278,ACH-000123,ACH-000608,ACH-000688,ACH-000704,ACH-000116,ACH-000696,ACH-000646,ACH-000524,ACH-000460,ACH-000132,ACH-000713,ACH-000796,ACH-000657,ACH-000885,ACH-000409,ACH-000574,ACH-000542,ACH-000430,ACH-000527,ACH-000443,ACH-000906,ACH-000048,ACH-001063,ACH-000719,ACH-001151
14-3-3_beta,num,Molecular,Protein Array,-0.16589,-0.039699,0.026659,-0.013659,-0.125545,-0.026597,0.323445,-0.156839,0.346029,-0.272817,0.066194,-0.19514,-0.240424,0.141941,-0.014817,0.006015,0.012699,0.010651,0.135895,0.322961,0.046011,-0.163275,-0.007338,-0.087218,-0.112724,-0.188575,0.341275,0.13101,0.266078,0.140892,0.160095,0.288553,-0.112214,-0.422232,-0.277028,-0.131394,-0.207196
14-3-3_epsilon_Caution,num,Molecular,Protein Array,-0.264092,-0.009975,-0.019619,0,-0.16409,0.227096,0.309838,-0.33169,0.142453,-0.388705,-0.012816,-0.105474,-0.03668,-0.144207,-0.005795,-0.044378,2.260478,0.07058,0.027954,0.053684,0.037546,-0.170692,-0.100014,-0.014051,0.079082,-0.138438,0.108716,-0.209222,-0.149683,0.051415,-0.229664,0.124312,-0.18571,0.127362,0.545981,-0.005246,-0.021296
14-3-3_zeta,num,Molecular,Protein Array,0.162399,0.115436,-0.868538,-0.243706,0.062189,-0.640522,1.048279,-0.276143,0.179259,0.562957,1.023067,-0.246726,-0.248482,-0.109791,-0.151188,-0.090144,0.04187,0.222106,-0.844205,0.349078,-0.004491,0.218578,-0.494555,1.381182,-0.431161,0.793486,-0.541773,-0.485193,0.349219,-0.277196,-0.071967,-0.219304,-0.140642,-0.27983,0.632337,-0.079551,0.032612
4E-BP1,num,Molecular,Protein Array,0.159021,-0.960294,-0.93793,-0.539491,0.215894,-0.285836,-0.784797,0.32337,-0.439185,-0.722941,-0.342667,0,-0.076628,-0.516045,-0.29976,-0.742427,-0.816164,0.851933,-0.71518,-0.928834,-0.74856,-0.311179,-0.970395,1.257163,0.753555,0.139223,-0.584066,-0.883325,0.053934,1.020146,-1.229024,-0.523677,0.572065,0.194609,0.482494,-0.110067,-0.526577
4E-BP1_pS65,num,Molecular,Protein Array,0.440453,-1.09102,-0.143603,0.187324,-0.054818,0.025838,-0.986249,1.248291,0.313988,0.571678,0.084423,0.780814,0.157096,-0.849294,0.343197,0.051344,-0.073758,-0.349601,0.144731,-0.317348,-0.536546,-0.031547,-0.545579,0.622105,1.025781,0.765051,-0.412272,-0.669223,-0.427113,0.273709,0.213116,-0.486883,0.834857,1.181729,0.274193,-0.307035,-0.461863
4E-BP1_pT37_T46,num,Molecular,Protein Array,0.045437,-1.358306,0.099393,-0.188992,-0.20009,-0.023567,-1.030674,0.613829,-0.169674,-0.015497,-0.039212,0.25414,0.114749,-1.144674,0.110671,-0.754154,-0.778296,0.412347,-0.938175,-0.811373,0.35807,-0.229144,-0.958976,1.27158,1.357088,0.670745,-0.846503,-1.4665,-0.080897,0.726061,-0.776623,-1.044489,0.83917,0.853125,0.214483,-0.010143,-0.149978
4E-BP1_pT70,num,Molecular,Protein Array,0.126791,-0.464995,0.054624,-0.001635,-0.00042,0.41372,-0.119115,0.420367,-0.018308,-0.327171,-0.002802,0.071048,-0.179283,-0.208795,0.163377,0.081002,0.027129,0.494956,-0.101199,-0.50151,-0.004936,-0.178038,-0.188669,0.774062,0.448512,0.125501,0.20015,-0.391997,0.137203,-0.102645,-0.472723,-0.423081,0.372067,-0.188776,-0.116027,-0.048771,0.062437
53BP1,num,Molecular,Protein Array,0.672365,-0.408742,0.521599,0.444671,0.050013,0.06499,-1.022109,-0.66655,0.072335,0.83006,1.007942,-0.361494,0.989103,-0.41205,-1.062184,-0.198737,-0.035693,0.072659,-0.280629,0.830234,-0.149483,-0.528344,0.194514,0.645139,1.171533,1.043062,0.212642,0.414731,-1.482667,0.707654,0.220683,-0.038454,0.468713,0.846294,-0.426432,0.855702,-0.050168
A-Raf_pS299_Caution,num,Molecular,Protein Array,0.074779,0.053705,0.021957,-0.098684,-0.237396,-0.052898,-0.141908,0.028532,-0.254794,-0.5007,-0.262575,-0.116188,-0.100545,0.122141,0.067224,0.253521,-0.270167,-0.372877,0.457818,-0.269561,0.058778,-0.295127,-0.292816,0.179317,-0.36258,-0.440967,0.055598,-0.209052,-0.413701,-0.186141,-0.232981,0.445438,0.325736,-0.255757,-0.438442,0.18759,0.231225
ACC_pS79,num,Molecular,Protein Array,-0.308142,0.205348,-0.098919,0.107785,-0.067376,0.384595,0.953019,-0.724972,-0.066832,0.083493,-0.799745,-0.510727,0.875171,-0.117759,-0.289581,0.083458,1.38725,0.748761,-0.137369,-1.474165,-0.255168,-0.549752,-0.538214,-0.144823,1.241238,-0.78081,-0.39022,-0.560392,-1.218141,-0.15113,0.295243,-1.120016,0.066206,0.530741,0.294831,0.940907,0.185571
ACC1_Caution,num,Molecular,Protein Array,-0.067641,-0.011441,0.275458,0.398911,0.268389,0.823441,0.0758,-0.580758,0.021343,-0.038311,-1.508529,-0.46789,0.513873,0.347603,0.206001,0.374848,0.993455,0.346931,-0.4638,-1.66577,0.186286,-0.585283,-0.685126,-0.199982,1.34047,-0.891666,-0.231226,-0.703021,-1.623445,-0.424943,0.115636,-1.829647,1.277025,0.242656,-0.175625,1.221955,0.27258
Acetyl-a-Tubulin (Lys40)_Caution,num,Molecular,Protein Array,-0.209909,-0.543987,1.063506,0.779683,0.226787,0.4533,-0.12092,-1.105766,-0.575669,2.198216,0.54527,0.254517,0.456069,0.912213,-0.197395,0.72827,0.20165,-0.146849,-1.062701,0.121841,1.325151,-0.401437,1.359621,-0.990634,-0.60148,0.178815,0.968609,-0.346149,-0.968191,-0.524676,-0.516719,0.026036,0.135711,0.122892,0.963529,0.063219,0.136672
ACVRL1_Caution,num,Molecular,Protein Array,1.200183,0.044328,0.297833,0.083751,-0.062256,0.034165,-0.031475,-0.107492,-0.119349,-0.114658,-0.230463,0,-0.143701,-0.086276,0.262425,-0.086688,-0.005142,-0.189926,-0.060873,-0.155748,0.149515,-0.240867,0.012873,-0.1712,-0.104317,-0.314293,-0.03726,-0.078178,-0.332266,-0.201631,-0.25867,0.035446,0.076108,-0.37653,-0.180422,0.189874,-0.182852
ADAR1,num,Molecular,Protein Array,0.578224,-0.27293,0.851705,0.305204,0.411762,0.481389,-0.701155,0.099712,-0.203708,-0.533983,-0.244682,-0.089799,-0.283736,0.221358,-0.163216,0.274289,-0.474441,-0.590784,0.859942,-0.021586,0.28218,-0.414953,0.334768,-0.027008,0.520465,-0.444556,0.489382,0.406099,-0.258553,0.517739,0.028293,0.404361,-0.159994,-0.159452,-0.745263,-0.155602,-0.234158
Akt,num,Molecular,Protein Array,-0.446792,0.057637,-0.107557,-0.024272,-0.155573,-0.156481,0.400101,0.27144,-0.437135,0.029132,-0.821417,0.121278,0.660309,-0.373628,0.040318,-0.736293,-0.437613,0.369602,-0.995012,-0.128082,-0.772019,0.487181,0.137869,0.415665,0.157331,-0.277434,-0.176498,-0.317384,0.14044,0.109253,-0.540948,-0.537447,-0.064469,1.113209,0.874871,0.297463,-0.105512
Akt_pS473,num,Molecular,Protein Array,3.256171,2.772081,1.87191,3.595432,1.798715,3.077049,-1.157641,0.814027,-0.83407,2.652943,1.82565,-0.593931,2.092621,-0.715316,0.671127,2.662643,-1.104502,-0.039499,-0.939499,0.069651,-0.315238,1.692426,-0.937306,2.197242,2.036728,5.051866,-0.889087,-1.133418,-0.364651,-0.053336,1.343209,1.097549,-1.088381,-0.377811,1.638775,3.230208,-0.246903
Akt_pT308,num,Molecular,Protein Array,2.928953,1.804908,1.565951,2.238965,0.557462,2.205018,-0.818843,0.197526,-0.828969,1.43709,0.156284,-0.149968,0.129916,-0.379762,-0.125665,0.849226,-0.336045,0.296644,-0.133106,-0.141985,1.258011,1.660466,-0.464049,0.605821,1.563681,3.737104,-0.282716,-0.114318,-0.182051,-0.286408,1.286351,0.563345,-0.958363,-0.515173,0.039095,2.218538,-0.822365
alpha-Catenin,num,Molecular,Protein Array,-0.209213,0.855894,0.035075,0.227533,-0.14289,-0.571593,0.838227,-0.834314,0.306913,0.019631,1.140023,0.155944,-0.278788,0.879553,0.121794,0.27618,0.71226,-0.091641,0.166634,0.275197,0.372056,0.182039,0.099301,0.64225,-0.581854,-0.536952,0.450243,0.468569,-0.196619,0.094057,0.031062,0.688418,-0.199588,-0.15196,-0.55199,0.497533,-0.079132
AMPK_alpha_Caution,num,Molecular,Protein Array,-0.323657,0.097905,0.022061,0.05948,0.061666,-0.178256,0.488703,0.175522,0.256849,0.365862,-0.141454,-0.27474,0.321885,0.004674,-0.242442,0.262176,0.073034,-0.009213,0.100803,-0.283261,0.109846,0.11851,0.556542,-0.175985,-0.297524,-0.086535,-0.232636,0.26631,0.249432,-0.228905,0.237264,-0.230569,-0.227473,0.281916,0.74329,0.32891,0.160941
AMPK_pT172,num,Molecular,Protein Array,-0.524944,-0.702903,-0.756182,-1.259039,-0.129316,0.469003,-0.060797,-0.494822,-0.700345,-0.28643,-0.273855,-0.769812,0.425634,-1.009291,-0.767651,-0.08509,-0.890694,0.785507,-0.049525,-0.662715,-0.397009,-0.530756,-0.590065,0.654891,0.220758,-0.057961,-0.44247,0.69949,-0.230558,0.834989,-0.337271,-0.647734,-0.967441,1.486555,1.443328,-0.94477,0.24963
Annexin 1,num,Molecular,Protein Array,0.168066,0.74999,-0.272616,1.076585,-0.232586,-1.321259,-0.725707,0.00016,-0.735365,0.693371,1.652514,1.222317,-2.088567,-0.093418,0.393509,-1.549928,-0.109286,0.411897,0.198426,1.585166,0.195693,0.942723,-0.740974,1.159266,-1.920736,0.23396,0.031716,-1.477528,1.368917,1.138856,-0.352546,0.894039,-0.330744,2.417903,-2.347332,-1.259262,1.057084
Annexin_VII,num,Molecular,Protein Array,0.219674,-0.479611,0.022621,0.75776,0.062537,0.440442,0.556556,0.197977,0.411253,0.52136,0.694519,0.244124,0.30319,-0.459729,0.240848,-0.130245,0.046758,0.010715,0.294017,-0.502121,0.067754,0.065762,0.128801,0.508138,-0.262003,0.496086,0.160552,0.330565,0.127887,-0.085086,0.214023,0.94855,-0.24112,0.025617,-0.142586,0.17857,0.243856
AR,num,Molecular,Protein Array,-0.104742,0.020092,0.00429,1.657485,-0.099923,0.02888,-0.117776,-0.192939,-0.369748,-0.246537,0.770386,-0.069828,-0.095318,-0.003923,-0.137465,-0.046901,-0.021445,-0.04357,0.1991,-0.347415,-0.186415,1.697194,-0.306941,-0.071947,-0.051937,-0.065806,1.737401,1.106501,-0.32003,0.142947,-0.27852,0.456789,0.802799,0.649503,-0.164967,-0.035943,-0.011626
ASNS,num,Molecular,Protein Array,-0.14369,-1.527499,-0.461711,-1.551805,-0.604325,0.60517,0.567555,-0.182112,3.102943,-2.190976,-0.35352,-0.084739,-0.01959,0.403557,-1.065468,-0.28629,0.460913,0.590835,-0.784336,-3.08361,-1.15264,-0.387228,0.453009,1.536127,2.279348,-0.108952,-0.061209,-1.115408,0.639482,1.266687,-0.840317,-1.325729,-0.218124,0.361828,1.187523,-0.393019,-0.992616
ATM,num,Molecular,Protein Array,0.054173,-0.02508,0.56459,1.476492,0.650036,0.418356,-0.614248,-0.137792,-1.06429,-0.906741,-1.285356,-1.097789,0.010028,-0.047934,0.678011,0.519934,-0.574133,0.415042,0.295242,0.436349,-0.089212,0.280066,-2.066298,0.128058,0.998341,-1.707887,0.379067,-0.296819,1.146318,0.104266,-0.080979,-0.590118,0.377987,0.240627,-0.350371,1.156555,0.461887
B-Raf_Caution,num,Molecular,Protein Array,-0.424134,-0.70315,-0.24386,-0.429611,-0.312469,-0.261074,-1.57298,-0.509887,0.484302,-0.88055,-0.777029,-0.062541,-0.433914,0.235869,-0.439608,0.129862,-1.089931,0.914156,-0.742461,-0.194106,0.099785,-1.007348,0.65748,-0.652198,-0.536133,-0.272836,-0.520147,-1.148757,-0.47038,0.526997,-0.788538,-0.773359,-0.142834,0.180288,0.647838,-0.12996,0.133979
B-Raf_pS445,num,Molecular,Protein Array,-0.625037,-0.500884,-0.133183,-0.305061,-0.262173,0.249907,-0.346335,-0.719161,0.350665,-1.202792,-0.693068,-0.102249,0.303499,0.271952,-0.232446,0.030798,0.437007,0.551622,-0.344166,0.071866,-0.224624,-0.669302,0.481475,-0.00505,0.464126,-0.394594,0.163558,-0.471079,-0.463296,0.308945,-0.481136,-0.282618,0.151013,-0.158217,-0.175598,0.059257,-0.004742
Bad_pS112,num,Molecular,Protein Array,0.122511,-0.196289,-0.141303,0.062946,0.11874,-0.022104,-0.304128,-0.005161,-0.01826,0.467984,0.119498,0.107165,-0.088751,0.153035,-0.056833,-0.103357,0.199295,-0.028099,-0.001693,-0.126336,-0.148639,0.215206,0.022955,0.027362,-0.2018,0.312387,-0.224317,-0.487595,0.038206,-0.101832,-0.017016,-0.066489,-0.335321,0.107465,0.373057,-0.105592,-0.160805
Bak_Caution,num,Molecular,Protein Array,0.252393,-0.06322,0.077472,0.173413,0.253979,-0.030836,-0.098523,-0.028561,-0.087456,-0.113007,-0.040217,0.009865,-0.201493,-0.032008,0.093594,-0.123662,0.078156,0.101762,0.244261,-0.000671,-0.21975,-0.025555,0.126296,0.209352,0.170315,-0.110426,-0.020706,0.261696,0.136544,0.718812,0.06155,-0.055796,0.04384,0.036325,0.055729,0.084362,-0.139404
Bap1 c-4,num,Molecular,Protein Array,-0.176341,-0.279271,0.112082,-0.495341,-0.506687,0.492906,-0.978128,-0.201596,-0.298951,-0.25244,0.092873,0.006924,-0.182142,-0.46033,-0.657563,-0.34713,0.217713,0.088196,-0.132204,0.011434,-0.511254,0.094607,-0.377787,-0.654157,0.225698,-0.075308,0.178001,0.93124,-0.047257,-0.105153,-0.237102,-0.446384,-0.060839,0.343675,0.199934,-0.606001,0.136608
Bax,num,Molecular,Protein Array,-0.473359,-0.198671,-0.43374,-0.126609,0.208052,-0.255724,0.252251,-0.10245,-0.079404,-0.125282,-0.603161,-0.514316,1.139325,-0.279237,-0.799061,0.131339,-0.027866,-0.203942,0.867339,-0.365019,-0.901372,-0.627509,-0.529534,-0.433649,0.666966,0.863987,-0.558147,-0.141071,1.138698,-0.263063,0.811184,-0.304145,-0.250312,-0.001339,0.880717,0.157088,0.114088
Bcl-2,num,Molecular,Protein Array,0.107092,0.068798,-0.106143,-0.223326,1.17532,-0.396617,-0.525521,-0.555909,-0.511339,-0.712454,-0.406241,-0.54922,-0.900496,-0.789355,-0.329012,-0.258011,0.165031,-0.207347,-0.621665,-0.058078,-0.130071,-0.397559,-0.674954,-0.838726,0.178058,-0.289959,0.122931,1.980037,-0.283255,-0.047788,-0.125099,-0.245632,0.706154,-0.712726,-0.63779,2.153164,0.014307
Bcl-xL,num,Molecular,Protein Array,-0.099581,0.598313,-0.040989,-0.373328,0.077134,-0.624257,1.092932,0.249442,0.683722,0.541563,1.154343,0.739568,0.296389,0.397704,-0.160829,-0.122082,0.710613,0.037347,0.72856,0.985527,-0.374587,-0.310809,0.390917,1.141263,-0.153689,0.743245,0.229781,1.152514,0.639066,0.358472,0.812774,0.259638,-0.419789,0.013165,0.024169,-0.00827,0.081446
Beclin_Caution,num,Molecular,Protein Array,-0.220971,-0.242434,0.129708,0.136303,-0.01485,0.013041,0.012961,-0.300214,-0.05056,-0.243449,0.064069,-0.237074,-0.101396,-0.216126,0.056306,-0.159003,-0.125259,-0.154427,-0.13034,-0.140953,0.129149,0.076048,-0.283066,-0.220231,-0.003971,-0.165236,-0.039378,-0.168104,0.100315,-0.113854,-0.12196,0.235943,0.073928,-0.033375,-0.345104,0.171866,-0.070553
beta-Catenin,num,Molecular,Protein Array,-0.627228,1.133128,-0.184157,0.5217,-0.004233,-2.836559,-0.146159,-2.390136,0.894563,-0.063012,2.111805,0.164998,-0.835312,0.657088,0.08747,-1.260321,0.938573,0.667869,-0.656981,1.163455,-0.620276,0.360782,0.597609,1.988516,-1.197236,-1.385059,0.247868,0.217737,0.830241,1.058598,0.209741,0.873036,-0.654968,0.705497,0.637949,0.524037,-1.83254
beta-Catenin_pT41_S45,num,Molecular,Protein Array,-0.075379,0.198521,0.028572,0.017047,-0.125313,-0.223707,-0.179963,-0.228038,0.064844,-0.269548,0.207177,0.065608,-0.222326,0.058286,0.013531,0.008869,0.120794,-0.0769,0.157409,0.051215,-0.161475,-0.19674,-0.00566,-0.112563,-0.22287,-0.286963,0.392808,0.000198,0.251825,0.257881,-0.014301,0.28206,-0.031413,0.6384,-0.219806,0.108818,0.066157
beta Actin_Caution,num,Molecular,Protein Array,-0.385121,-0.240442,1.809913,-0.146479,-0.655973,0.33493,2.075732,0.49194,-0.226633,-0.39041,1.070746,-0.104233,2.011753,0.729148,0.643687,0.114668,0.172305,-0.464432,0.648325,1.006104,2.535044,-0.02478,0.329979,0.488352,-0.601943,1.686155,-1.858802,-0.804466,-1.10925,-0.427429,0.056793,-0.630122,-0.294317,0.4188,-2.494327,-1.105971,0.224697
Bid_Caution,num,Molecular,Protein Array,-0.087689,0.183207,-0.070553,-0.039068,-0.101134,-0.26313,0.459919,0.167849,0.113867,-0.298063,0.201205,0.063594,0.017747,0.337533,-0.161559,-0.062831,0.174255,0.014289,0.308366,0.012863,-0.290191,-0.158716,0.111911,0.655819,0.076733,-0.243593,-0.102338,0.311909,0.028964,0.214232,0.333202,0.038488,-0.086628,-0.239543,0.003658,0.146355,-0.234746
Bim(CST2933),num,Molecular,Protein Array,0.461968,1.181178,-0.114242,-0.711899,0.176174,0.633563,-0.622951,-1.019753,0.65422,-1.777608,1.280274,0.057428,-1.072326,0.701365,-1.0159,0.044959,0.735636,-1.588582,0.108937,1.058855,0.457857,-0.664364,0.116505,-0.772576,-1.5151,-0.832352,0.395986,1.596958,-2.085208,-0.351264,-0.73466,1.561121,-0.804955,-1.05625,1.147457,1.304998,-0.539707
Bim(EP1036),num,Molecular,Protein Array,0.28378,0.796376,-0.117294,-0.560787,-0.129007,0.433248,-0.585146,-0.905738,0.441236,-0.957241,0.983741,0.055461,-0.834518,0.680089,-0.83565,0.120597,0.639963,-0.924534,0.123468,0.706402,-0.130344,-0.73082,0.206069,-0.526662,-0.796101,-0.467392,0.418838,1.232336,-1.062342,-0.17161,-0.341683,1.338683,-0.660009,-0.622568,0.908444,1.10266,-0.404081
BRCA2_Caution,num,Molecular,Protein Array,0.025706,0.338848,-0.006667,-0.16289,-0.136262,-0.384504,0.640191,0.092472,0.173331,0.228921,-0.050538,0.279336,-0.038826,0.271691,0.421417,-0.197481,0.045272,0.174734,-0.058747,0.17826,0.014618,-0.133245,0.191168,0.17704,-0.435365,-0.080447,0.107422,0.138032,0.235351,0.010034,-0.251336,0.031312,0.097853,-0.158975,-0.191547,-0.06855,0.580515
c-Jun_pS73,num,Molecular,Protein Array,0.077785,-0.191881,0.534963,0.39593,0.478602,-0.065897,-0.807116,0.686485,-0.133304,0.501092,0.017721,-0.129491,-0.493185,0.181883,0.184235,-0.228107,-0.554682,0.534518,0.301133,-0.24074,0.942415,0.275529,0.341954,-0.615744,-0.536674,0.23735,0.114056,-0.181572,1.508869,1.184639,0.139221,-0.023215,0.569775,-0.28077,0.5016,0.128379,0.058739
c-Kit,num,Molecular,Protein Array,-0.010482,-0.180687,-0.177034,-0.362221,-0.464936,5.279309,-0.38733,-0.514242,-0.125119,3.346454,0.089824,0.159482,0.009153,4.373401,-0.039109,-0.347413,0.054494,-0.014996,-0.139995,0.456429,0.75985,0.399603,0.794625,-0.717783,0.162785,-0.403645,0.160029,0.321299,0.074002,-0.044719,-0.159613,0.165372,0.675484,-0.638556,0.860565,0.138114,-0.214094
c-Met_Caution,num,Molecular,Protein Array,-0.076151,4.074217,0.102128,0.167899,0.432237,-0.032818,0.095263,0.190638,-0.0267,-0.270097,-0.157336,0.096215,-0.105681,-0.186404,0.00731,0.14435,-0.193953,-0.267539,0.431395,-0.16826,0.114103,0.121043,0.223094,-0.056028,-0.358732,-0.186131,-0.05007,0.13398,0.078645,-0.070446,0.040614,2.055236,0.019483,-0.226462,-0.322166,0.125615,0.155885
c-Met_pY1235,num,Molecular,Protein Array,-0.056814,-0.148313,0.111713,-0.024534,-0.057606,0.05041,-0.065393,-0.176451,-0.037896,-0.219297,-0.126533,-0.201038,-0.144145,-0.126618,-0.037624,-0.106285,0.037188,0.007906,0.040563,-0.129104,0.023547,-0.062804,-0.060523,-0.105271,0.116468,-0.096631,-0.0417,0.124062,-0.070186,0.234671,-0.069404,0.08613,-0.074813,0.106919,-0.003624,0.063866,-0.082847
c-Myc_Caution,num,Molecular,Protein Array,-0.284027,-0.97858,-0.114061,-0.078261,0.109995,-0.050916,-0.481496,0.24823,-0.392068,-0.305809,0.140969,-0.097463,-0.220106,-0.644478,0.014909,-0.242605,-0.456283,-0.157661,-0.27016,-0.602157,-0.194934,-0.023911,-0.346093,-0.431219,-0.324088,0.005468,0.574181,0.770527,-0.289384,0.317158,-0.207865,-0.684468,0.339099,0.955526,-0.110904,0.799777,-0.151154
C-Raf(BD610151)_Caution,num,Molecular,Protein Array,-0.000768,-0.130935,-0.275013,0.327285,0.559557,1.004915,-1.001613,-0.42828,-0.543744,-0.042658,-1.195275,-0.151909,0.499573,-0.359984,0.590244,1.030284,-1.180094,1.033526,-0.392378,-0.693534,-0.281139,0.701272,0.677278,-0.771695,1.145341,-0.219534,-0.562627,0.305765,-0.363958,0.223342,-0.296456,-1.058481,0.440518,0.759642,-0.138488,-0.30216,-0.163022
C-Raf(MP05-739),num,Molecular,Protein Array,-0.067596,-0.059914,-0.253788,0.343062,0.608658,0.409988,-0.722166,-0.225346,0.087376,0.008732,-0.819426,-0.091033,0.335019,-0.360951,0.866603,1.17778,-0.192875,1.021558,-0.352805,-0.549041,-0.260421,1.10169,0.498689,-0.322306,0.759765,-0.39378,-0.368479,0.289124,0.041935,0.027085,0.000257,-0.899097,0.097693,0.006325,-0.517233,-0.056586,-0.249992
C-Raf_pS338,num,Molecular,Protein Array,0.134224,0.230895,0.10831,0.419597,0.324665,0.232832,-0.252637,0.066883,0.027603,-0.121448,-0.19821,0.147352,0.123496,-0.108451,0.239874,0.698964,-0.152875,0.373067,0.023196,0.06598,-0.150655,0.981744,0.278575,-0.247612,0.529028,-0.188104,0.030021,0.200988,0.08891,0.125659,0.519341,-0.065419,-0.124754,-0.099713,-0.345722,0.270854,-0.06592
Caspase-7_cleavedD198_Caution,num,Molecular,Protein Array,-0.113546,-0.577666,0.020247,-0.284363,-0.287097,-0.193089,0.817199,-0.187133,0.516389,0.048669,1.148837,0.15286,0.770468,-0.167836,-0.476079,-0.538374,0.508365,-0.464721,0.007977,-0.271023,0.296233,-0.077389,0.62943,0.408652,0.4804,0.156692,-0.251378,0.104001,-0.570116,0.792077,-0.500585,0.442731,-0.415836,0.305738,1.443352,0.104714,0.092306
Caspase-8_Caution,num,Molecular,Protein Array,0.257311,2.158071,0.03978,-0.102247,-0.005412,-0.223543,0.501319,-0.000817,0.06089,0.036981,-0.002523,0.054694,-0.106455,0.207176,0.094754,0.051477,-0.052373,-0.328509,-0.121532,-0.072297,0.046689,-0.06556,-0.193331,0.122372,0.155752,0.064954,-0.261763,-0.294568,0.26103,0.254269,-0.257427,1.692112,0.081009,-0.663499,-0.357555,-0.066545,0.610478
Caveolin-1,num,Molecular,Protein Array,1.415402,0.771998,0.934282,2.181825,2.285733,-2.635489,-1.821961,3.137672,-1.369722,3.834765,-1.010662,2.510946,-1.210176,-2.348988,1.972996,-2.013028,-1.124536,3.553152,-0.785422,3.131783,-0.088889,3.076078,-1.999643,2.73667,-2.953479,2.489983,-2.469304,-0.503673,2.775253,2.981432,1.599233,1.026301,3.486918,-1.933977,-1.198845,-2.368652,1.05249
CD20 _Caution,num,Molecular,Protein Array,-0.10599,-0.109826,-0.076827,-0.12005,-0.18811,0.100277,0.002384,-0.059298,0.216246,-0.178549,-0.076579,0.0747,-0.070552,-0.120279,0.008625,0.192525,-0.004956,-0.1389,0.014044,0.243291,-0.013408,-0.161532,-0.038957,0.441088,0.122054,-0.226414,0.041237,0.268518,0.305172,-0.169232,0.078778,0.193376,-0.004288,-0.121059,-0.105372,-0.087453,-0.072127
CD31,num,Molecular,Protein Array,0.011726,0.069999,0.161976,0.127822,-0.106067,0.270855,0.031651,-0.219093,-0.394907,-0.333701,-0.07056,-0.354954,-0.335374,-0.151878,0.040851,-0.033302,-0.123731,-0.171433,0.201332,0.03864,0.044372,-0.315665,-0.123248,-0.282819,-0.169179,-0.124324,0.507254,0.173092,-0.269468,1.832331,-0.320799,0.45242,-0.034557,-0.262893,-0.35552,0.394662,0.134786
CD49b,num,Molecular,Protein Array,-0.50366,0.660425,-0.439518,-0.280987,0.142735,-0.766501,1.637914,-1.043913,-0.064993,-0.89042,-0.346716,-0.523945,-0.708341,1.556857,1.104028,-0.755552,-0.532475,-0.941089,1.088654,-0.633682,1.154946,-0.490872,0.493276,1.301665,-0.723632,-0.611786,-0.026577,0.486537,0.798658,0.016805,1.998714,-0.105656,0.311334,-1.083788,-0.731298,-0.378155,0.003596
CDK1,num,Molecular,Protein Array,-0.280013,-0.056721,0.0266,-0.068247,-0.239349,0.462747,0.189592,-0.272015,-0.190573,-0.026917,0.242755,0.094887,0.443328,-0.087097,0.061709,-0.086867,0.025358,-0.171158,-0.068427,-0.471837,0.634245,0.179133,0.474357,-0.234233,0.759428,0.442043,0.155501,-0.116949,0.748226,-0.348924,0.12285,0.015607,-0.238713,0.425887,0.806862,-0.261787,-0.288543
Chk1_Caution,num,Molecular,Protein Array,0.178818,-0.413352,0.000356,-0.146732,0.061794,0.031542,-0.083029,-0.255293,-0.334116,-0.195272,-0.078928,-0.239427,0.129098,-0.070257,-0.082351,-0.319365,-0.032559,0.034893,-0.011071,-0.430502,-0.244609,-0.619634,-0.506882,-0.198712,0.266345,-0.201549,-0.18818,0.006897,-0.37847,-0.054844,-0.627481,-0.069885,0.390306,0.135849,0.939499,-0.694841,0.365165
Chk1_pS345_Caution,num,Molecular,Protein Array,0.293792,-0.344123,0.02943,-0.123377,-0.053692,-0.176394,-0.073067,0.116501,0.1017,-0.264941,0.409167,-0.191108,-0.309573,-0.079877,-0.172017,-0.349354,-0.290046,-0.202271,0.030706,-0.327423,-0.271462,-0.287875,0.068376,-0.211732,-0.04845,-0.271305,0.196933,-0.026035,-0.153741,0.240731,-0.008712,0.059331,-0.341607,-0.085158,0.747329,-0.037172,0.161451
Chk2,num,Molecular,Protein Array,0.080242,0.070896,-0.022572,-0.466374,-0.199613,0.018324,-0.287846,-0.221966,0.306383,-0.901221,0.468146,-0.394096,0.539203,-0.151668,0.044648,-0.071675,0.409844,-0.245443,0.525654,0.498102,-0.422707,-0.744586,0.716717,-0.115994,0.899534,0.128067,0.170129,-0.395171,-0.387586,0.870915,-0.477092,-0.675775,-0.246499,0.724156,-1.657267,0.113391,-0.267537
Chk2_pT68_Caution,num,Molecular,Protein Array,0.292177,0.039912,0.274277,0.094647,0.119939,0.021785,-0.177327,-0.256245,0.151216,-0.411464,0.54936,-0.213386,-0.096306,-0.083342,0.052257,-0.27975,-0.117119,-0.386605,0.682684,0.130309,0.02554,-0.233401,0.238349,-0.25146,0.066174,-0.115828,0.47081,-0.135223,-0.094547,1.668001,-0.275259,-0.030187,-0.085631,0.14478,1.301109,-0.018006,-0.133238
cIAP_Caution,num,Molecular,Protein Array,0.276746,-0.23168,-0.200143,-0.052726,0.348654,0.101468,-0.146946,-0.253526,0.007714,0.044368,-0.392719,-0.410713,0.115755,0.331794,0.198517,0.101055,0.201766,0.180938,-0.148718,-0.098318,0.087319,0.438271,-0.719108,0.092949,0.208774,0.104455,-0.130836,-0.173809,0.231161,-0.177133,-0.326457,-0.198668,0.767401,0.03132,0.058559,-0.116023,0.06327
Claudin-7,num,Molecular,Protein Array,0.301447,2.29036,-0.297925,-0.141083,0.132913,0.048484,1.073942,-0.366134,1.416529,-0.087091,3.046671,-0.046741,-0.633921,2.261839,-0.216023,-0.29026,2.363942,-0.616865,2.464054,0.082983,2.75944,0.678755,4.290236,3.016637,-0.559576,-0.269877,0.117847,-0.074113,-0.553825,0.455834,4.252865,2.076091,-0.771182,-0.883989,-0.564589,2.157896,0.30845
Collagen_VI,num,Molecular,Protein Array,0.107094,-0.26544,0.448278,0.385681,0.16777,-0.004732,0.066604,0.096542,0.026923,0.029598,0.062288,0.118933,0.072438,2.062935,-0.126334,-0.084215,0.194604,-0.127066,-0.011635,0.070388,-0.017828,0.132606,-0.133488,-0.12808,-0.162663,0.032965,-0.043119,0.327665,-0.165834,-0.12811,-0.614363,-0.038957,-0.548702,-0.100099,-0.080677,-0.027193,-0.372211
Cyclin_B1,num,Molecular,Protein Array,0.489447,-0.536406,-0.152019,-0.831529,-0.136988,-0.126349,0.424791,-0.642041,0.244462,0.019972,0.079736,-0.041519,0.269898,-0.008697,0.29515,0.061975,-0.41821,0.347729,-0.287259,-0.801318,0.593276,-0.172653,-0.331845,-0.356312,0.165418,0.99777,0.244453,0.807151,-0.661849,-0.433338,0.134121,-0.955556,0.708814,0.699627,1.469752,-1.793113,-0.114554
Cyclin_D1,num,Molecular,Protein Array,0.14252,0.710201,0.177875,0.049669,-0.013005,0.651255,0.444881,-0.102978,-0.234004,-0.107652,0.233708,0.354504,0.257863,0.174754,0.090743,0.017553,0.36405,-0.309167,0.161767,0.136744,-0.186033,-0.195571,0.674517,0.150214,-0.152302,0.289418,0.153923,0.90872,0.647529,0.007062,0.093588,0.183414,-0.171971,-0.01932,-0.014611,-0.23168,-0.391007
Cyclin_E1,num,Molecular,Protein Array,-0.53333,-0.020157,0.633797,-0.006067,0.315906,0.434053,0.580271,0.113312,1.290006,0.082456,1.390362,0.050634,1.21574,-0.385788,0.581485,0.423051,0.757294,0.947379,1.760282,1.112016,0.568189,-0.746096,0.706446,-0.344884,0.938809,0.04467,0.975347,1.887181,-0.259291,0.295022,2.258087,-0.185998,-0.163435,0.12004,0.123248,0.571746,-0.750135
Cyclin_E2_Caution,num,Molecular,Protein Array,-0.139252,-0.009042,-0.157386,-0.103547,-0.004283,0.144259,0.055955,0.19248,0.01406,-0.28356,-0.074208,-0.158991,0.092507,-0.190957,0.454753,0.245125,-0.113445,0.595552,-0.16943,0.029928,-0.189029,-0.177929,0.260614,-0.330127,-0.057813,-0.384227,0.000487,0.00245,0.383202,-0.047498,-0.004989,-0.026063,0.137317,-0.040421,0.091654,-0.121208,-0.253086
Di-Ras3_Caution,num,Molecular,Protein Array,-0.062775,-0.260184,0.10842,0.241388,-0.010346,0.197572,0.083307,-0.049352,-0.051087,-0.265297,0.036341,-0.105945,0.007291,0.062239,0.222044,0.104498,-0.108167,-0.044552,0.168251,-0.088162,0.112751,-0.09797,0.20586,-0.244967,0.008582,-0.316045,0.279816,0.09633,-0.104634,-0.184214,-0.125024,0.293734,-0.005597,-0.082326,-0.364024,0.087336,-0.020472
DJ-1,num,Molecular,Protein Array,-0.28623,-0.541822,-0.112118,-0.199982,-0.634177,0.037735,0.755519,-0.567273,-0.024707,0.142264,0.586988,0.163672,0.25634,-0.419454,0.014252,-0.103703,-0.683786,-0.181633,-0.496729,0.169258,-0.158142,0.311533,-0.346232,-0.168661,0.205241,0.4109,0.009345,-0.304691,-0.472232,0.099802,-0.358077,-0.934521,-0.268427,0.131314,0.392937,0.503516,-0.190556
Dvl3,num,Molecular,Protein Array,-0.014199,-0.041031,0.43731,0.770002,-0.418904,-0.367653,-0.45784,0.314879,0.233879,0.43888,0.125148,0.093324,0.341758,0.384597,-0.141489,0.553122,0.087276,-0.08272,-0.099389,0.150469,-0.06707,0.165332,0.820893,-0.255268,0.059685,0.548807,0.749387,0.435393,0.132301,0.085089,-0.152484,0.303889,0.009952,0.026071,-0.21246,-0.108867,0.096575
E-Cadherin,num,Molecular,Protein Array,-1.475105,5.016611,0.277987,-0.604762,-0.227937,-0.39188,2.726305,-0.66922,3.5556,-0.110642,2.279802,-0.538492,-0.785901,3.543759,-0.349113,2.244889,1.847641,-1.192987,2.517677,-0.025038,2.227531,1.571112,3.126147,3.524364,-1.46867,-0.638562,0.78325,0.68674,-1.535958,-0.259229,3.45335,2.008078,-1.376835,-0.926757,-0.188525,3.873369,1.245232
eEF2_Caution,num,Molecular,Protein Array,-0.416441,-0.233473,-0.549907,-0.661976,-0.841798,-0.005906,0.614767,-0.240828,0.855162,0.532252,0.131926,0.425845,1.810453,0.439766,-0.69257,0.105966,0.167338,0.535945,-0.818807,0.626134,-0.913688,-0.505014,-0.045956,1.592066,0.461781,0.716253,-0.485797,-0.012545,0.543423,-0.095424,0.121209,-0.768495,0.241376,1.340077,2.001283,-0.628248,0.013502
eEF2K,num,Molecular,Protein Array,-0.001201,0.356687,-0.249799,-0.529596,-0.878741,0.078892,-1.587563,0.543066,-1.011806,0.442486,-0.407355,0.013183,0.034867,-0.353692,0.195498,0.476701,-0.794625,-1.004771,-0.385048,0.228614,-1.116511,-0.47838,-1.06781,-0.392805,-0.150363,0.385639,-0.480986,-0.366726,-0.737882,-0.672551,0.02652,-0.058816,-0.00861,0.085761,-0.278164,-1.147962,-0.162498
EGFR,num,Molecular,Protein Array,1.22686,1.436788,0.153848,0.517926,1.973502,-1.090946,-0.426869,1.063641,0.16468,1.26383,0.337363,0.8514,-0.832976,0.944748,0.575051,0.167956,0.569712,0.961193,0.632184,-0.712449,0.802603,0.528814,0.786103,1.285473,-0.881994,0.912394,-0.563579,-0.277382,1.786077,0.139042,1.826177,0.576446,1.728188,-0.72382,-0.667403,0.368693,1.562119
EGFR_pY1068_Caution,num,Molecular,Protein Array,0.192323,0.581712,0.838203,-0.071591,0.691072,-0.406042,-0.364795,-0.227707,0.010752,1.587201,1.240233,0.219329,-0.513656,1.312355,-0.096219,0.184741,-0.048068,0.173478,0.552259,0.201638,0.152555,-0.161539,0.964938,0.930659,-0.250194,0.456989,0.368811,-0.530684,0.264103,-0.219388,1.232414,1.60247,-0.454761,-0.293585,-0.803245,0.721814,1.116886
EGFR_pY1173,num,Molecular,Protein Array,-0.004711,-0.019029,-0.001094,-0.116027,-0.105202,-0.053308,0.010423,-0.143304,0.076542,-0.153914,-0.039772,-0.043323,-0.036154,0.146855,-0.168101,-0.038196,0.018525,0.006389,0.227406,-0.027714,-0.171547,-0.144211,0.034438,-0.027256,0.074589,-0.069846,0.235471,0.234576,0.009277,0.135968,0.053728,0.277723,-0.078085,-0.188955,-0.129355,0.016463,0.065436
eIF4E,num,Molecular,Protein Array,0.013387,-0.239025,-0.34356,-0.296062,-0.285181,0.292838,0.546912,-0.562907,-0.300188,0.277018,0.418822,-0.192495,0.775593,-0.001594,-0.427314,-0.516389,-0.101654,-0.014893,0.07937,-0.15501,-0.670929,0.034765,-0.093126,0.079891,0.399887,0.583856,-0.387186,-0.690969,-0.088996,-0.118216,-0.076984,-0.052053,-0.320585,0.022879,0.504587,0.011782,-0.016815
eIF4G_Caution,num,Molecular,Protein Array,-0.048179,-0.18696,0.539815,0.336593,-0.276545,1.04967,-3.404025,0.116706,-0.337976,0.623213,0.516138,-0.968061,0.032535,0.383135,-0.370823,0.905145,-0.227633,-0.437579,-0.459861,-0.385428,0.325966,0.259841,0.306379,3.69634,0.18542,0.846753,0.402313,-0.686673,0.617721,-0.048801,-0.3202,0.05411,0.430896,0.909261,0.013935,-0.996527,0.324343
ER-alpha,num,Molecular,Protein Array,-0.212167,-0.000632,0.017067,0,-0.157812,0.013251,0.048489,-0.407403,-0.430382,2.003789,-0.194134,0.890722,-0.303924,0.102856,-0.050807,-0.146468,-0.015863,-0.343817,0.160266,-0.296671,0.399583,0.038074,-0.22173,-0.316736,-0.122472,-0.288336,2.255734,-0.053759,-0.360646,-0.032179,-0.267016,1.364227,0.121967,-0.597042,-0.440036,0.21994,0.110328
ER-alpha_pS118,num,Molecular,Protein Array,-0.232112,0.010779,0.032769,-0.018214,-0.165184,-0.051348,-0.11226,-0.140788,-0.061965,0.221063,-0.034981,-0.078696,-0.183156,-0.185361,-0.10324,-0.171092,-0.060533,-0.026697,0.173354,-0.116137,-0.258502,-0.109214,0.006075,-0.03206,0.170418,-0.010503,0.17055,0.146768,-0.012208,0.312316,0.118737,0.133308,-0.081842,0.03035,0.071283,-0.029316,-0.012909
ERCC1_Caution,num,Molecular,Protein Array,-0.397723,1.999301,0.026374,-0.017205,-0.139736,-0.057538,0.374499,-0.199002,0.249337,-0.062898,0.086125,0.102832,0.179557,-0.035697,-0.008905,-0.080533,0.204606,0.099221,0.122428,0.184505,-0.066396,-0.328046,0.099884,0.114665,-0.145612,-0.135305,-0.071988,0.63682,0.15656,0.114881,0.278979,0.536664,-0.129293,0.224497,0.162195,0.050531,-0.500623
ERK2_Caution,num,Molecular,Protein Array,-0.459057,-0.160601,-0.773444,-0.212245,-0.179175,-0.04451,0.795493,0.181948,0.535727,0.697892,0.076254,-0.200216,0.488787,0.126882,0.143827,-0.122753,0.221021,-0.161222,-0.317856,0.03565,-0.879638,0.249727,0.435505,0.90911,-0.298063,0.422028,-0.637202,-0.489136,0.518217,-0.464126,-0.30455,-0.558994,-0.233411,0.354849,1.141282,-0.74794,-0.217877
ETS-1,num,Molecular,Protein Array,-0.120973,0.322642,-0.198673,-0.111258,0.177838,-0.362696,0.756705,0.221729,0.918172,0.509322,0.551496,0.188669,0.603424,0.357874,0.214456,-0.112974,0.403616,0.274724,0.135742,0.996179,0.034391,-0.069839,0.008869,1.009202,-0.009772,0.474494,-0.363186,0.527872,1.0775,0.033179,0.774878,-0.132826,0.073645,0.31736,0.429043,-0.169784,-0.214781
FASN,num,Molecular,Protein Array,-0.45501,0.943165,-0.390889,-0.845258,0.992457,0.259594,0.302628,-0.179883,0.132448,-0.827249,0.140959,-0.092702,-0.278402,-0.638908,-0.506696,0.024017,0.799669,-0.033736,-0.369355,-2.039912,0.115778,-0.186635,0.204434,-0.610971,0.135967,-1.140553,-0.259908,-0.455642,-1.309816,-0.697019,-0.382151,-0.340146,0.461586,0.574854,0.189506,-0.062109,-0.433747
Fibronectin,num,Molecular,Protein Array,3.234279,-1.243933,1.220333,1.227679,1.939641,-0.613049,4.059076,0.081965,-0.559642,1.877702,0.607847,0.596121,-0.9064,-0.427486,3.453494,0.877857,-0.624029,1.652325,-0.360539,1.35894,4.053593,1.483069,-0.089799,-0.768818,0.110436,-0.938031,-0.311945,-0.085891,1.622603,-0.343431,0.305421,1.823925,1.692898,-0.786875,-1.327545,-0.101864,0.61795
FoxM1,num,Molecular,Protein Array,0.090968,-0.110557,-0.095387,-0.316222,0.036294,-0.232403,-1.173475,0.156874,-0.214766,-0.526641,-0.243136,-0.04908,-0.570516,0.003567,-0.649434,-0.393302,0.017409,0.032175,-0.404131,-0.433888,-0.180595,0.804053,0.442848,-1.52418,-0.618998,0.168706,-0.298756,-0.03554,-0.453063,-0.842279,-0.759465,-0.962035,0.179688,0.70626,0.558197,-1.236808,-0.171843
FOXO3a_Caution,num,Molecular,Protein Array,-0.114563,-0.227245,0.097628,0.034852,0.219733,-0.138861,-0.276994,-0.139741,-0.505546,-0.024876,0.714383,0.253813,-0.137044,0.05351,0.700243,0.868401,-0.088297,-0.233045,-0.07418,0.030492,0.490285,-0.043787,-0.337372,0.053717,-0.277185,-0.236865,-0.019412,0.237586,-0.27415,-0.632563,-0.083461,2.134622,0.079633,-0.373422,-0.501064,0.140539,-0.043508
FOXO3a_pS318_S321_Caution,num,Molecular,Protein Array,-0.122114,-0.129436,-0.139159,0.02657,-0.275059,-0.324312,-0.104379,-0.11252,0.077977,0.429275,-0.271659,-0.225891,-0.232277,-0.006799,0.072957,0.154866,-0.144347,-0.252708,0.043479,-0.033209,-0.300432,0.134114,0.229062,-0.24915,-0.182949,0.24454,0.025757,-0.01948,-0.041163,-0.204699,0.201335,0.052438,-0.156717,-0.451018,0.213066,0.567061,-0.071048
FRA1_Caution,num,Molecular,Protein Array,0.387455,-0.647797,-0.557657,-0.237291,0.74496,-0.841976,0.276044,0.453975,-0.267674,0.449383,0.549681,0.421781,-0.027181,-0.394006,0.933053,-0.661345,0.434197,0.912541,0.409155,-0.296671,0.040437,0.469448,-0.3056,1.364526,-0.907061,0.306324,-0.642397,-0.273802,2.288757,1.691345,-0.339097,-0.423923,3.175249,0.993009,0.799757,-0.643216,0.331209
G6PD,num,Molecular,Protein Array,-0.064238,3.266207,-0.271998,1.633492,0.301491,-0.561614,2.377337,1.149762,0.484658,1.675786,-0.392238,0.500896,0.165774,0.609558,0.709382,-0.158408,-0.849756,-0.360693,-0.330893,-0.385833,0.234175,-0.395048,1.825344,0.152136,-0.701046,-0.250803,-0.392387,-0.212494,-0.348391,0.273386,-0.562608,-0.118014,-0.424657,-0.54128,-0.669011,0.355825,-0.274956
Gab2,num,Molecular,Protein Array,-1.991447,0.953294,0.824337,-0.266864,-0.924727,-0.919693,-1.802656,0.575362,0.768764,0.585012,2.122402,1.710743,1.953882,0.427673,-0.715131,1.172359,-0.022346,0.870367,-0.086054,0.98311,-0.425929,1.303284,1.68656,0.637842,-0.246654,1.205288,0.978457,1.213288,0.782003,0.27953,-0.216572,-0.026889,-0.732649,0.301527,-0.60794,-1.175951,-0.229205
GAPDH_Caution,num,Molecular,Protein Array,0.248913,0.861044,-1.713083,0.647896,-1.739885,-1.315955,0.35315,0.488642,0.252189,-0.734464,0.614626,1.530801,1.392498,-0.006389,-1.096125,-0.955499,0.735376,0.91424,-0.260345,-0.680512,0.27322,0.115771,2.233423,1.923187,-0.699969,1.334244,-1.447424,-0.237464,1.387324,-0.407764,-1.641525,-3.102436,-1.396312,0.218599,0.655827,-0.970683,-1.374897
GATA3,num,Molecular,Protein Array,-0.228244,1.962426,-0.294004,0.077062,0.033205,0.110979,0.212444,-0.251386,-0.590052,-0.043506,0.024165,0.074424,0.296352,0.303154,0.019772,-0.007346,0.059972,0.147315,-0.334061,0.003234,0.270467,0.059659,-0.406112,0.692586,-0.534699,-0.02404,-0.159389,0.142066,-0.19461,0.034192,-0.659951,-0.426271,-0.655797,0.264809,0.928301,0.238821,-0.014279
GSK-3-BETA_Caution,num,Molecular,Protein Array,-0.103944,-0.113387,-0.247452,0.435072,0.245137,0.212598,-0.897796,-0.328298,0.03546,-0.123058,0.21575,-0.415655,-0.328585,-0.016409,0.166785,-0.218346,-0.190767,0.407252,-0.583125,-0.756951,-0.111348,0.292342,0.181997,0.246071,0.001563,-0.096992,-0.350009,-0.766137,-0.217761,-0.280396,-0.21679,-0.472541,-0.081538,-0.023794,-0.002068,-0.471589,-0.256815
GSK3-alpha-beta,num,Molecular,Protein Array,-0.225949,0.231509,-0.522256,0.016654,-0.089125,0.080045,0.185337,-0.526231,0.197642,-0.130516,-0.106928,-0.140937,0.241198,0.220582,0.007058,0.021996,-0.042442,0.15307,-0.554328,-0.37705,-0.119499,-0.175226,0.316314,0.20023,0.080264,-0.203572,-0.526371,0.255073,-0.05506,-0.287482,0.025016,-0.599445,-0.326601,-0.021476,0.861416,-0.12292,-0.283181
GSK3-alpha-beta_pS21_S9,num,Molecular,Protein Array,0.340196,0.581239,-0.221432,0.731138,0.049533,0.913351,-0.517992,0.117146,0.562807,0.636951,-0.455795,0.294377,0.103393,-0.165981,-0.160213,0.732221,-1.22505,-0.711324,-0.457805,-0.394717,-0.301107,0.263245,0.171894,-0.163928,0.717025,0.878956,-1.02098,-1.082491,0.008253,-0.419984,1.104844,-0.709991,-0.927727,-0.233533,1.333002,1.031281,-0.158905
GSK3_pS9,num,Molecular,Protein Array,0.557252,0.375223,0.13808,1.157057,0.08196,0.656044,-0.623527,0.323849,0.553963,0.766597,0.097051,0.662071,0.177672,-0.242698,-0.06467,0.466816,-1.769759,-0.515352,-0.227399,-0.505965,-0.336081,0.745084,0.326236,0.202757,0.460786,0.869091,-1.084323,-1.20033,0.223687,-0.138729,1.05887,-0.547175,-0.808814,-0.572326,0.628227,0.336434,-0.687646
HER2,num,Molecular,Protein Array,-0.627036,0.637312,-0.370349,-0.063187,0.662033,-0.558615,0.684009,0.506386,0.417667,4.523466,1.087973,0.381643,0.088651,0.061074,-0.749138,0.398133,0.879154,0.001217,0.31459,0.70382,0.307211,-0.29835,0.346248,0.84848,0.134747,1.371748,-0.199091,1.09473,0.086664,-0.255409,1.364899,0.049545,-2.028841,1.245145,0.640867,1.432701,0.297173
HER2_pY1248_Caution,num,Molecular,Protein Array,-0.194655,0.300791,0.273924,0.16683,0.916689,-0.102607,-0.16175,0.424844,0.010586,4.477476,1.012394,-0.050141,-0.171177,0.56319,-0.327245,0.566041,0.29568,-0.155016,0.657376,0.254598,0.735203,-0.186206,0.3203,0.570534,-0.190813,0.392135,0.314318,0.213452,-0.28362,-0.142857,0.807048,0.923258,-0.712079,0.505461,-0.760757,0.731881,0.522278
HER3,num,Molecular,Protein Array,-0.164576,0.671298,-0.253327,-0.413901,0.734327,-0.378932,-0.533427,-0.302627,0.004373,-0.546042,0.708598,-0.197257,-0.37287,0.56125,-0.255217,0.061738,0.706103,1.383226,1.393508,-0.537249,0.249445,0.265601,0.559251,-0.015904,-0.732946,-0.394605,-0.357158,-0.355144,-0.100487,-0.856495,1.002879,1.091315,-0.459597,-0.509118,-0.712421,0.99381,0.371234
HER3_pY1289_Caution,num,Molecular,Protein Array,-0.092853,0.003588,0.071162,0.041077,-0.04719,0.006991,0.067726,-0.233634,-0.078663,0.012644,-0.039608,-0.229534,-0.04304,-0.161721,0.042986,-0.210019,-0.011994,0.129281,0.004977,-0.200663,0.046367,-0.092727,-0.058156,-0.075055,0.03087,0.172706,-0.02411,0.059714,-0.144808,0.217414,0.367066,-0.007479,-0.221357,0.167957,0.509055,-0.036399,-0.095913
Heregulin,num,Molecular,Protein Array,0.706291,0.151928,-0.03372,0.953555,0.177918,0.027312,-0.154499,0.35381,-0.052701,0.486111,-0.040008,0.056133,0.036197,-0.213925,0.364327,0.073737,-0.118122,0.307507,0.307685,0.141159,-0.006198,0.056906,-0.135973,-0.235806,-0.002779,1.463367,0.449035,0.292662,-0.159689,-0.009981,0.372787,0.275593,0.310265,0.182755,-0.409452,0.023666,-0.189754
HSP70_Caution,num,Molecular,Protein Array,-0.277155,0.113353,-0.103831,0.097222,-0.021579,-0.263761,0.300444,0.156077,-0.046902,-0.3236,0.137407,-0.096774,0.004423,-0.105499,-0.11184,0.056145,0.113752,0.144843,0.03491,-0.093928,-0.089904,-0.199268,0.155211,0.120638,-0.187002,-0.474942,0.248555,0.28016,-0.202288,-0.153066,0.086884,0.005457,0.024268,-0.061719,1.533609,0.104194,-0.022136
IGFBP2,num,Molecular,Protein Array,0.820914,-0.512415,2.846641,-0.432239,-0.460043,-0.421188,-0.582837,-0.521954,0.871279,-0.61789,2.791562,1.088461,0.172954,-0.321731,-0.006929,-0.01418,2.037303,-0.961851,-0.161462,4.095283,3.063676,0.33559,0.821091,-0.711374,1.092512,0.687185,3.382188,1.570565,-0.428527,-0.681469,-0.119056,2.355703,-0.539911,1.775497,-0.436433,-0.751913,0.717706
INPP4B,num,Molecular,Protein Array,-0.029504,0.231716,-0.642878,-0.109654,-0.090448,-0.374171,-1.071521,-0.375204,-0.335406,0.021573,-1.15609,0.160707,-0.445135,-0.258066,0.270663,-0.223915,-0.805692,-0.075513,0.199592,-0.006959,0.327362,-0.164746,-0.143941,1.171032,-0.085187,-0.802635,-0.307504,0.186757,-0.147047,-0.659652,-0.482388,0.516241,0.155122,-0.6932,-0.80343,0.433327,0.282806
IRS1,num,Molecular,Protein Array,0.542488,-0.667714,0.286047,-0.125882,-0.014299,-0.223809,-0.344617,0.030788,-0.562387,-0.105203,-0.316033,0.029086,0.450308,-0.101311,0.549023,-0.116735,-0.112094,0.049796,0.014475,-0.331242,-0.024017,0.301536,-0.14005,-0.050075,-0.504317,0.360144,-0.003734,-0.418772,0.089137,-0.195589,-0.657307,-0.007831,0.629956,-0.217046,-0.301191,-0.45091,1.169816
JAK2,num,Molecular,Protein Array,0.082667,0.039427,-0.028913,-0.109949,-0.196828,0.035653,-0.413828,-0.230408,-0.426344,-0.025001,-0.28077,-0.376326,-0.069463,-0.343629,0.388692,-0.114608,-0.62836,0.160857,-0.149571,-0.438252,-0.132204,0.003329,-0.220998,0.130158,0.265314,0.141354,-0.136512,0.010484,0.64754,0.499105,-0.264271,-0.245896,0.303356,0.132614,0.017643,-0.379982,0.369523
JNK_pT183_Y185,num,Molecular,Protein Array,0.396965,0.778336,0.431683,0.090495,0.021004,-0.109205,0.04549,0.493455,0.301795,1.111375,-0.35707,-0.032896,0.029097,1.075084,-0.22589,-0.375604,-0.379369,0.232153,-0.174416,-0.368735,0.0249,-0.139758,0.2906,-0.160435,-0.28984,0.40321,-0.171595,-0.20922,1.223095,-0.003789,0.168001,0.136614,-0.358278,-0.271514,-0.255964,-0.205527,-0.461019
JNK2_Caution,num,Molecular,Protein Array,0.027773,0.618581,0.026953,-0.241134,-0.110147,-0.376087,-0.02921,-0.182438,0.554314,0.362435,-0.189224,0.266462,0.37401,0.524735,0.043954,0.403469,0.065097,1.072102,-0.103694,0.412782,-0.206457,0.150128,0.249191,0.007691,0.132881,-0.175276,-0.104708,0.189145,0.107049,0.241736,0.502538,-0.309314,-0.300105,0.376532,1.681186,-0.31806,-0.120996
Ku80_Caution,num,Molecular,Protein Array,0.063467,0.57555,-0.176949,-0.808946,0.092497,0.343585,-0.405656,0.114894,0.472338,0.006896,-0.124821,-0.432654,-0.046936,0.355667,0.113512,-0.440057,-0.041714,0.377887,0.544641,0.529246,-0.19159,-0.067872,-0.030122,1.127187,0.81774,-0.061631,-0.396497,-0.683396,0.601199,-0.299381,-0.005889,-0.424325,0.610833,0.461165,0.69982,0.441061,0.296778
Lck,num,Molecular,Protein Array,-0.317075,0.536765,-0.69924,-0.313454,-0.356303,-0.525301,0.459937,-0.987821,0.537873,-0.013601,-0.173913,-0.204988,-0.010703,-0.455875,-0.828383,-0.289406,-0.38783,-0.05837,0.174375,-0.053159,-0.00174,-0.277127,-0.118471,-0.10703,0.455774,0.31881,-0.987615,0.777355,-0.177474,-0.407383,0.793469,-0.716557,-0.854422,-0.202351,0.626998,0.905762,0.046157
MAPK_pT202_Y204,num,Molecular,Protein Array,0.464829,1.522183,1.129645,1.120124,0.138043,0.668303,-0.457836,1.008014,0.571963,0.89829,0.995218,0.95442,0.405501,0.233655,-0.160245,0.10008,1.311651,-0.63577,-0.276405,1.745977,-0.111234,2.041045,1.265117,-0.591259,0.659977,0.214657,0.283585,0.174579,1.224908,0.465148,0.22079,0.643334,1.032001,1.34608,-0.813584,0.122059,-0.821806
MDM2_pS166,num,Molecular,Protein Array,-0.293446,1.035306,-0.568767,-0.043352,0.069153,-0.340709,-0.272675,0.993543,0.701431,0.844293,0.176678,0.428368,0.582846,0.439442,0.007553,0.309246,0.420279,0.5107,0.806834,0.23673,-0.66491,-0.504196,0.039427,1.661863,0.348226,1.374983,-0.747894,-0.402904,1.256589,0.260338,1.563625,-0.371571,-0.321322,0.548104,1.371424,-0.176145,-0.680673
MDMX_MDM4(BetIHC-00108)_Caution,num,Molecular,Protein Array,-0.013652,-0.098754,-0.217208,-0.088975,0.619555,0.307131,0.093966,0.159292,-0.275089,-0.219642,0.017895,-0.060645,0.511009,-0.219519,0.022133,0.280073,-0.105891,0.170938,-0.306334,-0.095947,-0.134437,-0.351534,-0.383041,0.655082,0.964844,0.386326,-0.503436,-0.084405,-0.026538,0.062834,-0.165625,-0.38923,0.374823,-0.218007,-0.184869,-0.132644,-0.005204
MEK1,num,Molecular,Protein Array,0.057017,-0.13504,-0.551379,-0.1548,-0.899058,-0.140589,0.825663,-0.096046,-0.144693,0.234982,-1.033429,0.105918,0.2285,-0.075132,0.0165,-0.11936,-0.581959,-0.246393,-0.914324,-0.751614,-0.669526,0.123614,0.321711,0.319069,-0.145074,0.172878,-0.763372,-0.193947,0.00832,0.468473,-0.849216,-0.573013,-0.024523,-0.548505,0.668049,-0.246922,0.301176
MEK1_pS217_S221,num,Molecular,Protein Array,-0.150363,1.281788,0.600978,0.772635,-0.317196,-0.044488,0.597938,0.534755,-0.285734,0.376797,0.144098,0.423567,0.545418,0.436524,0.050359,0.323909,0.241774,-0.013417,-0.359261,0.591389,-0.020237,0.669994,0.467435,0.116101,0.309441,0.427626,0.183235,0.226945,0.741723,0.518704,0.421759,0.054188,0.791569,0.738443,-1.011483,0.567435,-0.108089
MIG-6,num,Molecular,Protein Array,0.521109,-0.013908,0.079003,-0.050535,0.203033,0.554133,0.10272,0.203619,-0.052598,-0.249544,-0.127114,0.157039,-0.413701,-0.015859,1.396232,0.086803,-0.158944,0.101396,-0.016677,-0.027239,-0.060529,0.954889,0.001935,0.943609,0.057816,0.114207,-0.040305,-0.074922,0.020342,0.884441,-0.067296,-0.017654,1.077062,-0.039869,-0.11325,-0.22757,0.885841
Mre11_Caution,num,Molecular,Protein Array,-0.107131,-0.069774,-0.060441,-0.02643,-0.117568,0.131043,-0.126936,0.024177,-0.039517,-0.324579,-0.216676,-0.161297,-0.350257,-0.016229,-0.193167,-0.050593,-0.19921,-0.061239,0.189752,0.00657,-0.054896,0.056171,-0.169752,0.14338,0.009144,-0.28057,0.302962,0.169345,-0.156681,-0.042009,-0.197232,0.351289,0.080797,-0.455597,-0.319829,0.130738,0.103001
MSH2,num,Molecular,Protein Array,0.19731,-0.146348,0.01702,-0.130658,-0.063438,0.276858,-0.082701,0.195881,-0.470201,-0.63432,-0.281274,0.072085,-0.441554,-0.342841,-0.003997,0.177215,-0.039065,0.254782,0.071131,0.015924,0.03627,0.282529,0.17792,-0.728436,0.957078,-0.472199,0.535901,-0.126907,-0.295252,-0.160105,-0.147325,-0.053077,0.300692,-0.303094,-0.288349,-0.145612,0.346118
MSH6_Caution,num,Molecular,Protein Array,0.273726,0.212861,-0.263002,-0.634547,-0.450926,-0.195563,0.20714,0.510082,-0.227617,-0.238981,-0.073782,0.422456,-0.052711,-0.135419,-0.348275,0.208988,0.3351,0.147234,-0.095943,0.656039,-0.623547,0.380251,0.426225,-0.26094,1.010359,-0.013421,-0.085793,0.216178,0.162308,-0.445909,0.008966,-0.41542,0.256706,1.005062,0.891356,-0.520704,-0.268497
mTOR,num,Molecular,Protein Array,-0.275348,0.207653,0.055456,0.013255,-0.015593,0.295028,-0.372418,-0.404635,0.332226,-0.349747,-0.106667,0.137197,-0.219443,-0.06487,-0.218891,-0.000271,-0.43844,0.149149,-0.687736,0.596318,0.066892,0.122325,-0.152146,0.110548,0.368173,-0.895515,0.293418,0.182241,-0.22574,0.04332,-0.066127,0.290178,0.155223,0.110397,0.31038,0.255758,-0.495327
mTOR_pS2448_Caution,num,Molecular,Protein Array,-0.205148,0.057209,0.248699,0.321848,-0.077602,0.225986,0.055531,0.062436,0.430417,0.007034,0.147138,0.487172,0.233957,0,0.139621,0.136724,0.274295,-0.126456,-0.178825,0.384722,0.206013,0.064123,0.120018,0.049717,0.201118,-0.200687,0.063819,-0.2944,-0.033692,-0.217259,0.412782,0.056734,-0.209467,0.085181,0.054711,0.293686,-0.39763
MYH11,num,Molecular,Protein Array,0.151414,-0.231929,0.632267,0.358434,0.660934,-0.338732,0.871454,0.363564,0.255324,1.669224,0.408374,0.297047,1.240795,0.118948,0.563524,-0.083328,0.598307,-0.05675,-0.76924,0.732724,-0.072751,0.148858,0.016159,1.43182,-0.085787,0.060458,-0.572121,0.409944,-0.167414,0.028964,-0.064904,-0.07645,0.856284,0.819956,1.298147,-0.202013,-0.120945
Myosin IIa pS1943,num,Molecular,Protein Array,0.649709,0.728209,1.090198,0.746051,1.055131,-1.074615,0.863616,1.14287,1.92084,1.617426,-0.225012,0.053386,1.363957,0.27857,1.446097,-0.426127,-0.033293,0.567129,-1.576493,1.161284,0.425585,1.372603,0.234448,1.055928,-0.870526,-4.807075,-1.779943,-0.864028,0.71895,-0.279547,0.186104,-0.9322,-0.144003,0.268579,0.47747,-0.018802,0.289977
N-Cadherin,num,Molecular,Protein Array,0.27339,-0.289305,0.396772,0.699199,0.378444,-0.481385,0.32883,-0.499515,0.252757,0.141155,0.142045,0.515794,0.231877,-0.13444,0.854985,-0.267853,0.659895,0.428883,-0.401418,0.514445,0.188904,0.589117,-0.17928,-0.019077,0.05984,-0.065431,0.278699,0.818691,0.564827,-0.156525,0.068095,-0.137065,0.245303,-0.00313,0.651102,-0.19409,-0.515999
N-Ras,num,Molecular,Protein Array,-0.009968,-0.0656,0.089146,-0.029527,0.066669,-0.061015,-0.02942,0.008313,-0.274607,-0.43408,-0.228658,0.013761,-0.260403,0.029527,-0.048701,-0.031741,-0.41716,-0.020485,-0.039304,-0.170957,0.15867,-0.030497,-0.178772,-0.212139,-0.186648,-0.365448,0.096353,0.129297,-0.355291,0.045493,-0.164568,0.109,0.005348,-0.600901,-0.254088,0.194901,0.091665
NDRG1_pT346,num,Molecular,Protein Array,2.429873,0.542983,0.031816,0.419149,0.351254,-0.536284,-0.22811,0.515192,0.60265,0.533122,0.105124,-0.168009,-0.81909,0.231038,0.132881,0.55764,0.469418,-1.056858,-0.421481,-0.73624,-0.213857,0.142849,-1.18154,-0.276255,-0.864615,1.274656,-0.410063,-0.977627,-0.2294,-0.950379,0.161003,-0.287374,-0.995849,-0.227861,-0.707048,1.56503,-0.396659
NF-kB-p65_pS536_Caution,num,Molecular,Protein Array,0.978331,0.226076,0.174432,0.986667,0.682297,-0.325506,-1.12899,2.528389,1.051534,1.880673,0.233132,0.115619,-0.882239,-0.067298,0.164234,-0.381235,-0.830715,-0.209796,-0.191969,0.34208,0.327515,0.127692,0.016702,0.406127,-1.32014,0.793633,0,-1.391759,1.809818,0.786089,-0.0916,-0.524924,0.431707,-0.489977,0.868907,0.11968,-0.251112
NF2_Caution,num,Molecular,Protein Array,0.020456,-0.002564,0.093227,0.208496,0.955185,0.631354,-0.549764,1.257468,1.475621,1.78538,0.94029,0.040802,0.195618,-0.121968,0.49542,1.248967,-0.009538,-1.815517,0.712134,0.35802,-0.041367,0.761263,0.906768,1.121141,0.000122,1.717682,-0.521642,0.040415,-1.743547,1.196254,1.469106,0.28955,1.34905,-0.197802,1.2603,0.727833,0.16326
Notch1,num,Molecular,Protein Array,0.496395,-0.311767,0.061416,-0.283989,-0.119663,-0.07877,-0.619463,0.409131,-0.47299,0.522565,0.526775,-0.215651,-0.578453,-0.421677,-0.375541,0.370142,-0.338504,0.089009,1.201268,-0.154923,0.347995,-0.244577,-0.280109,-0.559038,0.228882,0.748035,-0.044249,-0.369856,-0.105725,0.187943,0.35705,-0.050197,-0.198225,0,-0.339152,-0.295311,-0.052391
P-Cadherin_Caution,num,Molecular,Protein Array,-0.328045,-0.390401,0.668268,0.180097,0.274643,0.010157,0.69342,0.469012,0.817086,-0.399012,0.170502,-0.136973,0.165238,0.765502,0.195132,-0.068476,0.129392,-0.543031,1.001523,0.058001,0.690938,-0.100641,0.662505,-0.177103,-0.534954,0.285984,0.590506,1.416152,-0.322353,0.340985,0.140116,0.342918,0.205607,-0.044362,-0.584097,0.069466,-0.441201
p14 Arf(BetA300-340A)_Caution,num,Molecular,Protein Array,4.431628,-0.522092,2.040355,-0.896235,-0.785451,-1.022757,1.956351,-0.656864,1.340292,-0.863981,1.544992,1.8579,0.639668,1.092371,3.231342,0.53923,1.600434,3.369557,0.788451,1.047271,2.22566,-1.128519,1.075539,0.197287,-0.475323,-0.64156,0.921812,1.063729,-0.509191,-0.843386,1.548642,1.075942,2.670577,1.247461,1.058952,-0.824909,-0.500876
p21,num,Molecular,Protein Array,0.190517,0.473345,-0.165173,-0.340749,0.183849,0.164624,0.455446,-0.01926,0.364792,-0.254426,0.128758,-0.318673,0.40079,0.06545,0.247898,0.328131,-0.423307,-0.54634,0.120772,0.136419,0.071109,-0.053713,0.250026,0.250616,0.352765,0.902588,0.124197,-1.342148,0.891468,-0.040607,0.383356,-0.049849,0.310607,-0.002088,0.034688,0.215963,-0.742378
p27,num,Molecular,Protein Array,-0.142021,0.040319,-0.176972,0.872565,-0.26118,1.200748,-0.090696,-0.135335,-0.297955,-0.495025,0.108279,-0.232135,0.114997,0.168933,-0.302425,-0.062973,-0.18721,0.001468,0.05408,-0.256833,-0.272142,0.505555,-0.147882,0.865364,-0.041524,1.437467,-0.05177,0.037117,-0.051913,-0.113974,-0.0906,-0.241745,0.049234,-0.366909,-0.802794,0.090141,-0.072661
p27_pT157_Caution,num,Molecular,Protein Array,-0.174088,-0.106326,0.016438,-0.031406,-0.074723,-0.014569,0.091966,-0.095474,-0.213955,-0.026587,0.074624,0.002598,-0.027872,-0.165081,-0.038806,-0.131511,0.131907,-0.139994,0.001471,-0.089222,-0.08718,-0.167318,-0.191079,0.004769,-0.092565,0.040129,-0.091025,0.060036,-0.143321,0.102227,-0.202788,-0.079906,0.165911,0.364944,0.687811,0.230191,0.09167
p27_pT198,num,Molecular,Protein Array,0.282841,-0.342883,0.072598,0.217708,-0.009404,0.238878,-0.10506,-0.172289,-0.321504,-0.117075,-0.07427,-0.323743,-0.125037,-0.242989,-0.049973,-0.091166,-0.369073,-0.31573,0.065106,-0.267081,0.044088,0.048533,-0.130105,-0.266297,-0.115412,-0.066558,0.025133,-0.106181,-0.329393,0.007903,-0.092416,0.238038,0.03273,-0.399774,-0.338133,0.02593,0.039399
p38 alpha MAPK,num,Molecular,Protein Array,-0.29941,0.849985,-0.320522,-0.064134,-0.102586,0.108836,0.260926,-0.178681,-0.155422,0.144318,-0.222401,-0.056088,0.135425,0.032891,0.257288,0.058161,0.182518,-0.140231,-0.389413,0.034698,-0.145272,0.051554,-0.414658,-0.08645,0.057731,-0.105915,0.129292,0.032247,-0.021506,-0.650936,-0.186732,0.693453,0.245921,-0.065735,0.266871,-0.466812,0.294287
p38_MAPK,num,Molecular,Protein Array,-0.415782,0.069326,-0.721445,-0.128831,-0.189759,0.238809,0.049965,-0.388854,-0.199867,0.313617,-0.33529,0.122186,0.333348,0.195542,-0.008231,0.019342,0.235636,-0.106394,-0.545316,0.10218,-0.721792,0.092747,-0.778933,0.040777,0.17175,0.13887,0.248166,0.151248,0.10861,-0.790811,-0.200885,-0.852488,0.668717,0.157408,0.520944,-1.003835,-0.009971
p38_pT180_Y182,num,Molecular,Protein Array,0.30975,0.788672,-0.275318,0.412794,0.236516,0.581393,0.024166,0.264816,0.46119,0.777451,-0.323533,0.384106,0.649132,-0.153802,-0.530103,-0.988039,-0.911481,-0.711344,-0.675758,-0.513318,-0.665744,0.246325,-0.601645,0.287784,-0.035266,1.335227,-0.477252,-1.098924,0.535114,-0.51966,-0.175477,-0.639342,-0.496953,0.27196,-0.487288,-0.321062,-0.742261
p53_Caution,num,Molecular,Protein Array,-0.439542,-0.037697,0.162559,-0.319629,-0.184497,-0.397287,0.628982,-0.311454,0.395712,-0.755811,2.117614,1.475547,-0.310754,-0.384717,0.145151,-0.40536,-0.672502,0.671882,0.142426,3.123107,-0.287062,-0.459247,-0.649795,-0.038254,-0.273596,-0.5695,-0.092321,1.52369,-0.473479,1.202927,-0.088995,0.471924,1.700475,2.017737,2.598277,-0.3568,-0.306066
p62 Lck ligand_Caution,num,Molecular,Protein Array,0.180964,-0.394348,-0.768442,2.378095,1.066238,-0.057091,1.305201,0.706605,1.271371,1.369555,1.40101,1.243436,-1.184348,0.096891,0.631177,1.814714,0.104846,-0.195826,-0.002929,-0.763512,0.347217,-0.143549,2.266946,0.215174,-0.382227,0.780189,0.67096,-0.300131,0.23722,0.986499,-0.693241,1.733677,-0.468424,0.038182,-1.70018,0.297324,1.299373
p70S6K,num,Molecular,Protein Array,-0.193923,-0.213168,-0.570902,-0.500633,-0.513586,0.444064,0.726588,-0.54661,-0.753181,-0.221296,-0.05255,-0.149188,1.646632,-0.533157,-0.155448,-0.381929,0.022696,0.595467,-0.541004,-0.502223,-0.537324,-0.226408,-0.324563,0.16089,0.449106,0.256753,-0.981041,0.023904,-0.332816,0.216154,-0.551908,-0.392039,-0.01325,1.850519,1.709905,-0.298046,0.083897
p70S6K_pT389,num,Molecular,Protein Array,-0.01351,-0.854886,0.85845,0.716911,0.263407,0.683426,-0.34654,1.034359,0.076424,0.035828,0.825581,0.443331,1.435324,0.047653,0.547506,0.129006,0.093214,-0.774014,0.478473,-0.093977,-0.320962,0.179316,0.148926,-0.002597,0.853506,0.233534,0.022127,-0.488058,-0.267754,0.028771,0.667017,0.873228,0.02585,1.976322,-0.228361,0.075144,-0.731634
p90RSK_Caution,num,Molecular,Protein Array,0.267898,-0.544257,-0.109886,0.047316,0.877282,-0.067509,0.046635,0.078697,0.398983,0.094824,-0.703529,-0.232179,-0.015227,0.00805,-0.218609,0.385282,0.007783,0.18669,0.53921,0.286607,-0.072622,-0.17998,0.216494,-0.451128,-0.00858,0.115071,0.486277,-0.158803,-0.760776,-0.505491,0.563217,-0.20039,-0.211317,-0.401455,-0.529594,0.124445,0.024809
p90RSK_pT359_S363_Caution,num,Molecular,Protein Array,0.042543,0.055289,0.197875,0.351562,0.140859,0.210594,-0.406719,0.467221,-0.188225,0.240641,-0.192248,-0.128847,0.113545,0.043721,-0.337108,-0.000525,-0.060155,-0.000111,0.363749,-0.089289,-0.10338,0.103578,0.502485,-0.416883,-0.042497,0.206943,0.282107,-0.113066,0.078703,-0.065446,0.491646,-0.022154,0.05403,0.363552,-0.490466,0.025918,-0.050922
p90RSK_pT573_Caution,num,Molecular,Protein Array,0.381327,0.778141,0.817049,1.104783,0.437307,0.700999,-0.423924,1.168503,-0.190134,0.743583,-0.278635,0.774996,-0.136873,0.165956,-0.072124,0.084597,0.628982,-0.469049,0.202345,0.739717,-0.129888,0.911051,1.042713,-0.412241,0.614369,0.36797,0.392484,-0.475992,-0.052399,-0.088021,1.038784,0.180167,0.187786,0.268612,-0.847219,0.626757,0.187859
PAI-1,num,Molecular,Protein Array,4.085796,-0.50547,1.780934,2.588015,1.957712,-1.037382,1.596999,3.526173,1.011797,1.817039,-1.372511,1.219508,-1.409031,2.426865,4.315862,-1.193041,-1.344634,2.218371,1.512693,-0.222876,3.107459,1.693283,-0.443615,-0.583711,0.446293,-1.119774,-0.292927,-0.29464,3.569389,3.79364,-0.328298,-0.364237,4.527878,-1.612661,-1.596043,-0.581405,1.094152
PARP_cleaved_Caution,num,Molecular,Protein Array,-0.102916,3.058185,0.155749,0.008719,-0.140991,0.333632,-0.132668,-0.342253,-0.456722,-0.334878,-0.114719,-0.295619,-0.315209,-0.32519,-0.008713,-0.030001,-0.183115,-0.035736,0.060214,0.137504,0.042551,-0.319183,-0.009599,-0.411144,0.288086,-0.215556,0.455396,0.212572,-0.268545,0.224815,-0.389372,1.701437,-0.232245,-0.218751,0.988293,0.08482,0.040401
Paxillin_Caution,num,Molecular,Protein Array,0.130105,0.129482,-0.200244,0.308247,-0.081662,-0.723749,0.007985,0.32652,0.048602,0.365144,0.23887,0.205001,1.40546,-0.281794,0.922215,-0.197591,0.606264,0.939138,-0.572155,0.772757,-0.06137,0.205545,0.256105,0.042551,-0.151359,1.299753,-0.899791,0.150015,1.078834,1.022859,-0.534554,-0.47151,0.162826,1.287794,1.323137,-0.843941,0.331846
PCNA_Caution,num,Molecular,Protein Array,-0.22791,-0.329683,-0.209738,-0.366967,-0.053,0.029248,0.829942,-0.041552,0.157689,0,-0.157848,-0.191198,0.159205,-0.226986,0.043228,0.07092,0.568716,0.259915,-0.341311,-0.122539,-0.205319,-0.054125,-0.197578,-0.334003,0.17075,0.656727,-0.276972,-0.244712,-0.052222,-0.278574,-0.157879,-0.345713,-0.052699,0.257056,1.284951,-0.463796,0.202925
PDCD4_Caution,num,Molecular,Protein Array,0.660202,0.020784,-0.611249,0.431283,-0.745577,0.309109,-0.869057,-0.367554,-1.504248,-0.864145,0.223268,0.406533,0.072565,-0.65189,-0.686546,-1.042229,0.203488,0.183177,-0.657459,0.389417,-0.499823,0.473276,-2.054782,-0.03656,0.123906,0.413459,1.113621,-0.193246,0.873628,-0.809571,0.581189,-0.530301,0.742636,-0.423694,0.192011,0.160084,-0.896834
PDK1,num,Molecular,Protein Array,-0.07833,-0.244748,-0.127494,-0.15933,-0.201112,0.051062,0.059367,-0.249843,-0.376857,-0.234303,-0.334189,-0.073391,0.017122,0.206242,-0.010935,-0.190879,-0.134847,-0.0121,-0.465476,-0.067879,-0.327505,-0.021582,-0.331241,0.024996,-0.248924,-0.081032,-0.313165,-0.080213,0.006291,-0.343205,-0.325616,-0.179468,-0.032983,-0.242478,0.147528,-0.067965,0.149196
PDK1_pS241,num,Molecular,Protein Array,-0.016326,-0.18016,-0.191011,-0.142362,-0.2682,0.108015,0.275347,-0.228237,-0.515722,-0.196487,-0.812775,-0.302952,0.206929,0.181531,-0.011956,-0.128309,0.074174,0.011701,-0.676795,-0.155951,-0.463714,0.023442,-0.642485,0.085783,-0.069544,0.067429,-0.739596,-0.35188,-0.079111,-0.429618,-0.533459,-0.449531,-0.207803,-0.279234,0.241125,-0.161539,0.240988
PEA15,num,Molecular,Protein Array,-0.162775,0.030258,0.131047,-0.192184,0.094664,-0.610975,0.089252,0.131977,0.569523,0.550588,0.309305,0.94923,0.374809,0.472424,0.48055,-0.125795,0.259251,0.080311,-0.489603,0.512819,0.486112,0.859533,-0.182011,0.704401,-0.275682,0,-0.234137,-0.456672,0.513706,0.681722,-0.092215,0.368625,0.35462,0.168357,0.638896,-0.299444,0.162571
PEA15_pS116,num,Molecular,Protein Array,-0.24948,0.321617,-0.258219,-0.248795,-0.076955,-0.306171,2.431319,0.165456,2.110692,1.849849,1.852492,0.60391,1.594287,0.134134,0.0677,0.102632,1.904863,-0.168274,-0.195948,2.683737,0.047326,-0.174657,-0.015784,1.563595,0.174083,1.966701,-0.275896,1.387076,1.742033,0.019135,1.336317,0.057455,0.049353,2.070695,1.515328,-0.116312,-0.116615
PI3K-p110-alpha_Caution,num,Molecular,Protein Array,-0.030345,-0.24364,-0.135751,-0.152088,-0.435394,-0.102493,-0.049093,-0.565821,-0.184914,-0.316295,-0.134433,-0.136622,-0.07066,-0.143196,0.113513,0.064414,0.056577,-0.010328,-0.456398,-0.220705,-0.11455,0.334013,0.164675,-0.72611,0.201365,-0.190027,0.080545,0.059115,0.238746,-0.138185,-0.201408,-0.182687,0.257271,-0.380925,-1.258531,-0.330245,0.250568
PI3K-p85,num,Molecular,Protein Array,0.573554,-0.652164,-0.04201,-0.354858,-0.52193,-0.556498,0.361435,-0.255954,-0.019037,0.478741,-0.321875,0.038796,-0.468902,-0.211551,-0.128255,0.277691,-0.141455,0.160703,-0.321297,0.156537,0.34,0.057717,-0.477479,-1.186328,0.032625,0.540939,-0.018663,0.004951,0.323808,0.098246,0.142433,-0.192884,0.238704,-0.256513,-0.146122,-0.573316,-0.255645
PKC-alpha,num,Molecular,Protein Array,0.71293,-1.022484,-0.106313,0.773227,0.748985,-0.693816,0.321124,1.395357,-0.771063,0.14408,-0.244732,0.295814,-0.508578,-0.648927,0.639492,0.481126,-0.552602,0.803011,0.879748,-0.54337,-0.044999,0.237558,-1.076449,0.356496,-0.901234,0.088667,-0.074478,2.596694,1.75235,1.282376,0.275797,0.288853,0.481482,0.348137,-0.200991,-0.384644,1.194177
PKC-alpha_pS657_Caution,num,Molecular,Protein Array,1.037237,-1.313323,-0.177417,0.866252,1.151598,-2.514785,0.178057,1.7445,-1.304962,0.111097,-0.337585,0.404266,-1.022351,-1.26896,0.696383,0.636646,-1.739138,0.820989,0.990919,-0.374201,-0.406965,0.299884,-2.027675,0.629101,-1.493773,-0.1279,-0.099245,2.189127,1.553883,1.538269,0.263575,0.566497,0.560101,0.504173,-0.319584,-0.282436,1.227988
PKC-delta_pS664,num,Molecular,Protein Array,0.169334,-0.377589,0.150483,0.097682,0.054569,-0.24273,0.178234,0.421288,-0.299961,0.019309,-0.097267,-0.060237,-0.148946,-0.220242,-0.00955,-0.056003,0.015985,-0.005711,0.121267,-0.214046,0.038751,-0.143218,-0.572015,-0.26626,-0.481473,-0.063679,-0.203389,1.343184,0.668822,0.118425,0.034109,0.052954,-0.086688,-0.008841,0.076471,-0.225854,0.271877
PKC-pan_BetaII_pS660,num,Molecular,Protein Array,0.188082,0.088635,-0.115597,0.172604,0.274173,-0.235489,-0.395823,0.555214,-0.400654,0.041758,-1.323918,0.131019,-0.853843,-0.66454,-0.393629,0.039588,-0.174728,-0.187866,0.004607,-0.256443,-0.186039,0.490232,-0.086974,-0.732575,-0.089417,0.162776,-0.297434,1.53041,0.518851,-0.066755,0.34476,-0.588647,0.110437,-0.137179,-0.041812,-0.421355,0.384688
Porin,num,Molecular,Protein Array,0.630912,0.037234,0.722211,0.620661,0.917583,1.013369,0.359393,0.737969,1.249533,0.184547,-0.618306,-0.59354,0.571354,0.346469,-1.085451,-0.623247,-0.809761,0.012352,0.812699,1.443687,0.435603,-1.375279,0.704019,-0.435489,0.605515,-0.021458,0.764994,1.752054,0.94014,0.248785,1.564867,1.295238,-2.441721,-0.043255,-0.310451,1.168202,-0.309066
PR,num,Molecular,Protein Array,-0.039287,-0.078337,-0.139691,-0.263593,-0.348555,0.045578,-0.195493,-0.566489,-0.008516,-0.587644,-0.333362,-0.106183,-0.246127,-0.084177,-0.295105,-0.084123,-0.578351,-0.105131,0.385063,0.107085,-0.149576,-0.209884,0.023612,-0.202119,-0.002974,-0.46762,0.740638,0.393869,-0.167372,0.058253,0.150856,0.619371,0.018165,-0.816892,-0.34011,0.209907,0.062272
PRAS40_pT246,num,Molecular,Protein Array,0.163987,-0.04888,0.703491,0.563242,0.086057,0.534112,-0.238194,-0.024311,-0.136943,0.775634,0.095844,-0.13971,0.355486,-0.574591,-0.032078,0.28854,0.032451,-0.390857,-0.125482,-0.434603,-0.125612,0.365019,-0.323265,-0.294416,0.429183,1.12397,-0.3845,-0.37777,-0.343831,-0.068494,0.159764,-0.462927,-0.612928,0.269449,0.918887,-0.193819,-0.488003
PRDX1,num,Molecular,Protein Array,1.006232,1.16514,-0.23015,1.024848,1.184976,-0.135341,1.267864,0.05523,-0.053792,0.794677,0.063546,0.422503,-0.172122,0.162476,0.279463,0.124544,0.165633,-0.119166,0.666786,0.540266,0.312317,0.078342,0.040015,0.034346,-0.356683,0.585779,0.064531,-0.104621,0.682517,1.270413,0.4103,0.35846,0.301637,-0.186004,1.332814,0.240293,-0.166624
PREX1,num,Molecular,Protein Array,-0.345888,0.069615,0.240713,0.406709,-0.17011,-0.197484,-0.262915,0.212304,-0.377587,0.402389,0.088827,0.059013,-0.527724,-0.122161,0.311398,-0.096086,0.132415,0.267966,0.46571,0.071127,0.357405,0.00726,-0.426659,-0.279123,-0.465292,-0.017718,0.020208,-0.085937,1.219597,-0.293951,-0.340866,0.247875,0.9572,-0.397338,-0.603293,0.11691,0.150947
PTEN,num,Molecular,Protein Array,-0.315394,-0.153713,-1.387018,-3.298482,-1.59176,-2.916841,0.48024,-0.019824,0.559281,-0.454754,0.224612,0.420981,0.856139,0.121118,-0.837636,-0.418744,0.069618,0.325494,-0.647369,-0.392236,-1.321653,0.471513,0.461323,0.904287,-0.116688,-3.148789,0.252246,-0.046077,0.852736,-1.046325,0.138926,-0.653807,-0.25733,-0.036369,-0.133963,-0.306256,0.10496
Rab25,num,Molecular,Protein Array,-0.20168,2.421666,-0.131101,-0.140669,-0.274394,-0.266192,-0.057606,-0.565924,0.608448,-0.711511,0.797518,-0.414104,-0.403764,0.948228,-0.086975,-0.319738,0.812248,-0.454697,-0.145073,-0.37169,0.421084,-0.016353,0.841575,0.964396,-0.4392,-0.466807,0.046171,-0.281833,-0.500024,-0.213639,-0.802795,1.851538,-0.153388,-0.53805,-0.540068,0.232008,-0.012394
Rad50,num,Molecular,Protein Array,-0.196863,0.690079,-0.03354,-0.22078,-0.217037,0.130374,0.736412,-0.421849,1.111866,0.125281,0.687275,-0.154917,0.210147,-0.088833,-0.058843,-0.186626,0.320563,-0.013368,-0.150352,0.838392,-0.098871,0.433117,0.028571,0.159144,0.155529,-0.413224,0.345688,1.061255,0.071123,0.304283,0.785138,0.249501,0.07305,0.159369,0.486287,-0.126017,-0.219836
RAD51,num,Molecular,Protein Array,0.499752,0.108087,0.297255,-0.404583,0.448612,0.104301,0.205527,-0.002233,-0.364235,-0.34741,-0.344838,-0.245655,0.024559,0.423313,0.196493,-0.061752,-0.190043,-0.013249,-0.491789,-0.463727,-0.348475,-0.116264,0.019406,-1.246419,0.110321,-0.307428,0.102026,-0.117718,-0.526869,-0.502492,-0.539023,-0.219634,0.332159,0.109722,0.370377,-0.253844,0.356795
Raptor,num,Molecular,Protein Array,-0.194703,0.675511,-0.254936,-0.202816,0.035471,0.277409,-0.169763,-0.259507,0.283706,-0.391154,-0.437917,0.037841,-0.048217,-0.089106,-0.235429,0,-0.146445,0.333913,-0.332057,-0.22314,0.057204,0.150312,0.11203,0.095996,0.469599,-0.610312,0.321165,0.139369,-0.07235,0.081819,-0.242634,0.248879,0.190132,0.110281,0.520664,0.055112,-0.178794
Rb_Caution,num,Molecular,Protein Array,0.442903,1.209918,0.024386,-0.011882,0.065703,0.249134,-0.223599,0.225813,-0.019467,0.070568,-0.241758,-0.691407,-0.208761,-0.11705,-0.333312,0.088207,-0.367274,-0.786762,0.043934,0.287291,-0.231939,-0.015913,-0.740525,-0.332026,0.045529,0.301769,-0.045054,0.013385,0.34165,-0.12898,-0.266108,-0.006564,-0.070783,-0.026915,-0.275013,-0.180386,0.166658
Rb_pS807_S811,num,Molecular,Protein Array,0.462573,-0.354003,-0.63729,-0.490405,0.033224,0.182498,-0.410237,0.584512,-0.170874,0.351455,-0.752629,-1.743242,-0.125383,-0.511665,-2.024023,0.101327,-1.441862,-1.249761,-0.293961,-0.787687,-0.518435,0.293068,-0.252878,-1.574388,-0.307817,0.876308,-1.007532,-1.039085,0.167425,-0.442777,-0.689453,-1.320102,-0.135239,1.235633,0.808408,-0.795744,0.260805
RBM15,num,Molecular,Protein Array,-0.12568,0.479455,0.585117,-0.084122,0.283229,0.129495,-0.012308,0.230181,-0.007644,0.420295,-0.130018,-0.508413,0.073996,-0.205825,-1.209894,-1.573795,0.16295,-0.243068,0.030459,-0.085931,-0.526911,-0.440393,-0.159624,0.323828,-0.020985,0.488979,0.898426,1.331718,0,0.199392,0.317617,-0.14544,-0.622277,0.812324,1.880711,0.193252,-0.660096
Rictor_Caution,num,Molecular,Protein Array,-0.185116,-0.102696,0.125629,0.332152,-0.218908,-0.365877,-0.796247,-0.333731,-0.43625,0.027134,-0.14969,-0.215353,-0.521799,0.106922,-0.073904,-0.045119,0.167559,0.116396,-0.513984,0.233962,0.090735,-0.714671,-0.477765,-0.060528,-0.767811,-0.552477,-0.301154,-0.044236,0.356277,0.611184,-0.555186,-0.070185,0.026921,-0.465788,-0.134686,-0.165317,-0.207469
Rictor_pT1135,num,Molecular,Protein Array,0.116844,-0.026139,0.160339,0.562531,0.024509,0.150976,-0.184894,0.271324,-0.048247,0.066625,-0.019909,0.133213,0.022421,0.003937,0.038905,-0.010343,0.5453,-0.311175,-0.175132,-0.003265,0.051599,-0.10238,-0.030851,-0.110546,-0.061485,-0.056282,-0.28724,-0.164515,-0.123455,0.369814,0.062541,-0.053898,-0.25057,0.032715,0.022786,0.077528,-0.301484
RSK1-2-3_Caution,num,Molecular,Protein Array,0.315201,-0.835326,-0.107731,-0.11223,1.137925,0.102928,-0.0269,0.00143,0.655679,0.181915,-1.222982,-0.239773,-0.215665,0.068698,-0.590338,-0.524736,-0.129772,0.315535,0.408097,0.433189,-0.183751,-0.11888,0.326778,-0.377247,0.069967,0.161105,0.598761,-0.336067,-1.088567,-0.602078,0.443542,-0.157712,-0.290655,-0.638754,-0.744142,0.136277,-0.01848
S6_pS235_S236,num,Molecular,Protein Array,0.077704,-1.570311,0.137806,0.823719,0.719476,1.224875,1.112265,0.267708,1.888273,1.193025,-0.717386,0.898284,0.415591,-0.424867,0.635251,1.588408,0.959354,0.465343,0.194723,-1.020374,-0.009211,0.883764,1.25141,-0.247014,-0.369865,1.016625,-0.04481,-3.860881,0.393242,-0.1658,0.656825,0.079292,0.068815,0.953303,-0.794495,1.376271,-0.742054
S6_pS240_S244,num,Molecular,Protein Array,-0.636731,-1.689218,-0.058431,0.522798,0.143202,1.050147,1.36353,0.382356,2.265751,1.230536,-0.043379,0.672398,0.903142,-0.346821,0.624701,1.24389,0.912187,0.315021,-0.005059,-0.661747,-0.123816,0.925845,1.729075,-0.000806,-0.53024,0.975487,-0.402488,-3.215893,0.138639,-0.201713,0.594967,0.009588,-0.611328,1.735266,0.033989,1.507423,-0.344777
SCD1,num,Molecular,Protein Array,-0.09749,0.049169,-0.041731,0.55742,0.386462,0.090603,0.384735,0.149299,-0.061466,-0.158098,0.124436,0.467516,0.411403,-0.167053,-0.092953,0.027617,1.067757,-0.018482,0.232554,-0.246477,0.111711,-0.274359,0.078516,-0.258008,0.31958,-0.476764,-0.113397,0.244833,-0.287369,-0.171219,2.270997,0.114768,-0.020552,-0.127063,-0.28928,0.069997,0.031659
SETD2_Caution,num,Molecular,Protein Array,1.342874,1.151476,0.01669,0.976603,1.866524,-0.24715,-0.329383,0.907392,-0.19242,-0.245521,0.462063,0.329381,-0.266987,0.94765,0.856243,0.335114,-0.126396,-0.202026,1.526649,-0.019707,1.425235,0.185223,0.455738,1.363583,0.086374,-0.250517,0.5076,0.133702,-0.132693,2.279008,-0.103344,1.414456,0.675277,-0.072424,-0.558074,0.072674,0.457877
SF2,num,Molecular,Protein Array,-0.191313,-0.34677,0.062809,-0.125476,-0.146872,-0.103487,0.414335,-0.168452,-0.148575,-0.095045,0.026333,0.028606,0.263965,-0.321394,-0.145227,-0.204398,0.108994,0.109849,-0.017941,0.192026,-0.116672,0.000102,0.174125,-0.041991,0.226452,-0.226176,-0.15868,0.094094,0.062927,0.11889,0.006894,-0.219004,0.051509,-0.007719,0.723543,-0.016765,-0.246663
Shc_pY317,num,Molecular,Protein Array,-0.031893,0.732517,0.28127,-0.049066,0.161785,-0.091023,-0.112875,-0.264663,0.085438,-0.039457,0.869483,0.22857,-0.06597,0.701357,-0.095754,0.259699,-0.099117,-0.106692,0.186297,0.496696,0.1948,0.038791,0.530334,0.54024,0.202933,0.150965,0.538744,0.012847,-0.430473,0.29534,0.50146,0.645197,-0.087038,-0.275296,-0.776831,0.900269,0.075066
SHP-2_pY542_Caution,num,Molecular,Protein Array,0.100591,1.038867,0.509775,-0.125068,-0.144652,0.4404,-0.515757,-0.317316,-0.205461,-0.049195,0.415289,-0.420422,-0.36683,0.510629,-0.321101,-0.060177,-0.421115,-0.222326,0.240862,0.583961,-0.057432,-0.251175,0.396764,-0.242165,0.360072,-0.042736,0.315851,0.102824,-0.30557,0.291839,0.325479,0.483438,-0.571796,0.071536,-0.85686,0.665039,0.271056
Smac_Caution,num,Molecular,Protein Array,-0.109052,0.804582,-0.079099,-0.470869,0.318916,-0.586448,0.498317,0.154802,-0.243708,-0.068658,0.979214,-0.391719,0.730954,0.709223,-0.280498,-0.630242,0.523092,0.291917,0.775066,0.943703,0.540429,-1.191022,-0.058025,0.177461,-0.174004,-0.16566,-0.468078,0.82932,0.174142,-0.06803,0.308291,0.291017,-0.13151,0.661269,0.991788,1.435419,-0.768618
Smad1,num,Molecular,Protein Array,-0.196377,-0.128771,-0.025392,-0.191869,-0.161735,0.143201,-0.173256,-0.562734,-0.140337,-0.265049,0.128936,0.076266,-0.126595,-0.222742,-0.129894,0.035323,-0.106101,-0.049492,-0.234253,0.202015,-0.33837,-0.230004,-0.291868,-0.075618,0.07564,-0.214269,0.393081,0.253611,0.099006,0.612462,-0.261474,-0.204773,-0.114864,-0.180801,-0.111356,-0.129413,-0.146283
Smad3,num,Molecular,Protein Array,0.019618,-0.007432,-0.096098,0.64349,0.79577,0.802645,-0.150817,1.150291,-0.077099,-0.012059,-0.189824,0.660613,-0.550672,0.148554,0.398546,0.423905,-0.629207,-0.10015,0.909128,0.097747,0.003791,1.276355,-0.000202,0.242526,-0.117658,-0.197844,0.052327,0.26743,0.074771,0.198953,0.378447,-0.183412,0.248767,-0.463297,-0.499546,-0.087353,0.04272
Smad4,num,Molecular,Protein Array,-0.038324,-0.566262,-0.002419,-0.01891,-0.063492,0.095355,-0.256237,-0.215729,-0.430168,-0.442652,-0.284409,0.003011,-0.156666,-0.026176,-0.024824,-0.023744,-0.043768,-0.023006,-0.125449,-0.264155,0,0.104124,-0.20421,-0.552686,0.184159,-0.360943,0.098792,0.000912,-0.229848,-0.320698,-0.400161,0.059805,0.151932,-0.451464,-0.439489,0.026162,0.076474
Snail_Caution,num,Molecular,Protein Array,0.075209,2.696669,0.582317,1.40954,-0.244869,-0.0035,-0.331073,0.328238,-0.027396,-0.137829,0.23132,-0.045142,-0.376522,-0.004014,-0.293203,0.285369,-0.142402,0.105022,0.148866,0.316922,0.487083,-0.745267,-0.115397,-0.440646,-0.244061,-0.341096,0.49839,0.063128,-0.232034,-0.375416,0.545232,2.573439,-0.011782,-0.123372,-0.575412,0.238716,0.189085
Src,num,Molecular,Protein Array,-0.374876,-0.776893,-0.157228,0.886321,0.592436,0.375768,-0.316254,-1.089238,-0.71838,-0.648979,-0.313524,-0.244591,-0.81539,-0.332154,-0.461849,0.218115,-0.724335,-0.117706,0.40823,0.136852,0.882128,-0.835294,-0.804953,-0.635285,-0.178344,-0.551833,-1.166859,-0.032743,0.444554,-0.904215,0.323673,-0.172801,0.226597,-0.923416,-0.974085,0.019658,-0.258235
Src_pY416_Caution,num,Molecular,Protein Array,0.388029,-0.400749,0.187759,0.040016,-0.244953,-0.160836,-0.114746,-0.274412,0.029572,-0.189013,0.109885,-0.2162,-0.224912,0.064968,-0.018737,0.027609,-0.272936,0.61291,0.001105,-0.136921,-0.091125,-0.059243,0.141233,-0.30229,0.929666,0.175839,-0.266563,-0.646481,0.215166,0.832361,0.395913,0.054922,-0.615072,-0.157182,0.04066,0.284154,0.95905
Src_pY527,num,Molecular,Protein Array,-0.848955,0.087966,-0.421427,0.626207,0.03977,0.833857,0.14029,-0.844149,-0.904688,-0.485697,0.109416,-0.953035,-0.23171,0.544568,-0.122314,-0.467133,-1.088308,0.041203,-0.652205,0.177643,-0.072924,-0.370117,-0.133977,-0.055986,0.582706,-0.21929,-1.422915,-0.007668,1.264726,2.282867,-0.064461,0.095264,0.658944,-0.158887,0.410771,0.132793,-0.450316
STAT3_Caution,num,Molecular,Protein Array,0.209357,-0.208409,0.905555,0.527617,0.295332,0.280399,-0.014531,-0.624669,0.261811,2.171275,0.294417,-0.04013,0.340407,0.625133,-0.193095,0.5205,0.041586,-0.429163,-0.462462,0.044593,1.131962,0.267028,-0.014762,-0.708993,0.010407,0.097427,0.732983,0.22732,-0.482102,-0.42298,1.294397,-0.278277,-0.79952,-0.072106,0.90414,0.74728,-0.130611
STAT3_pY705,num,Molecular,Protein Array,0.620005,1.273418,0.098429,0.260692,-0.077973,-0.153444,0.065876,0.179007,-0.277311,0.024877,-0.064164,-0.206915,-0.059794,0.534586,-0.125687,0.125288,-0.068249,-0.375889,0.510074,1.824745,-0.176154,0.060646,0.873132,-0.197818,-0.417398,-0.373321,-0.066106,0.254095,-0.493417,-0.259122,0.537589,-0.057535,-0.766542,-0.556783,-0.510858,-0.068728,-0.079986
STAT5-alpha,num,Molecular,Protein Array,0.417151,-1.385902,0.188006,-0.649828,-1.005954,-0.946688,-0.95,-0.663541,0.795917,0.079798,-0.921823,0.561629,-1.115603,0.511834,0.029955,-0.632919,-0.275942,0.664226,-0.722792,0.09298,0.34745,-0.128114,0.381461,-0.186891,-1.256976,-0.511749,-0.809431,-0.533434,1.098425,0.355658,-1.368954,-0.07006,-0.067461,-1.195913,-1.516756,0.698391,-0.415707
Stathmin,num,Molecular,Protein Array,-0.225894,-0.610852,-0.03131,-0.15882,0.031363,0.052476,-0.014782,-0.177654,-0.278643,-0.34218,-0.188205,0.067807,-0.045881,0.031363,0.196409,0.104474,-0.485458,0.261622,-0.118985,-0.143361,0.059359,0.143112,-0.106002,-0.193398,-0.153983,0.002282,-0.040613,0.019867,-0.26489,0.185438,-0.386117,0.243317,-0.02482,-0.038179,-0.289032,-0.256104,0.053473
Syk,num,Molecular,Protein Array,-1.662355,2.570862,-2.033453,-2.667724,-1.856617,-2.439503,-2.890625,-2.617044,0.196085,0.108916,1.94062,0.560842,-3.023869,1.526995,-2.217095,-2.93595,2.019114,-2.22781,-3.13444,0.124627,0.211005,0.476139,1.06334,1.187538,-1.984806,-3.154725,-0.878486,-1.909228,-2.29304,-2.516542,1.530099,2.60643,-1.512654,-3.285568,1.007746,2.15778,0.556324
TAZ,num,Molecular,Protein Array,0.549597,-0.408826,0.197535,0.883851,0.58388,0.255537,0.211326,0.72432,0.111396,0.650399,0.711375,0.224156,0.939706,0.197877,0.831437,0.555965,0.266765,-0.299028,0.536682,0.1734,0.295563,-0.142199,0.022609,0.453472,-0.195191,0.734096,0.036512,0.043971,0.161277,0.783494,0.356005,0.133452,-0.424039,0.521987,0.163542,-0.14447,0.207698
TFRC,num,Molecular,Protein Array,0.110804,1.804416,0.988862,0.833924,-0.512256,-1.21668,0.569645,1.975452,1.200196,-0.176679,0.480495,-0.287958,0.858919,0.737782,0.141702,0.670227,0.862266,-0.345719,0.160998,1.347583,0.451096,-0.72697,0.883801,0.962627,0.52828,0.118604,0.412447,3.511495,-0.501711,0.26668,0.170752,0.149645,-0.193774,0.842301,0.107106,-2.109148,-0.060725
TIGAR,num,Molecular,Protein Array,-0.312394,-0.1303,-0.120502,-0.041847,0.039413,-0.040123,0.817989,0.045741,-0.096367,-0.255857,-0.057975,0.123093,0.661531,0.311722,0.094936,-0.14346,-0.128901,-0.162673,-0.139302,-0.426389,-0.131795,0.049202,0.406093,0.161477,0.658499,0.653568,-0.215128,-0.074372,0.659836,0.119759,0.110173,-0.153724,-0.177887,0.447812,0.805721,-0.309803,-0.246951
Transglutaminase,num,Molecular,Protein Array,1.004876,-0.043423,0.060311,0.550641,0.833496,-0.33118,0.158771,1.457725,0.974623,0.562983,0.151388,2.159404,0.196523,0.233838,0.634955,0.229262,0.151583,0.085912,1.310259,0.759127,1.337188,1.27313,1.339648,2.484254,-0.34708,0.681078,0.127917,-0.414945,4.459823,2.011962,0.20822,0.582851,1.760173,-0.068065,0.353853,-0.06161,1.220209
TSC1_Caution,num,Molecular,Protein Array,-0.244893,0.192505,0.186563,0.479752,0.190546,0.268511,0.0656,0.078028,-0.987001,-0.120662,-0.74127,-0.193799,0.898454,0.134314,0.398183,-0.209336,-0.512657,0.305651,-0.213518,-0.198259,0.050755,0.560567,-0.11295,-0.306957,0.253031,0.812807,-0.028559,-0.284969,0.194061,0.333807,-0.370462,0.185958,0.257422,1.083454,0.455729,-0.167354,0.294241
TTF1,num,Molecular,Protein Array,-0.112725,0.099418,-0.425382,-0.236565,-0.30854,-0.404306,1.536717,-0.018019,0.862877,1.325454,1.252176,0.792252,1.343651,0.083035,-0.128126,-0.007372,0.876558,0.176525,-0.06772,0.673661,-0.548056,-0.331935,0.066201,0.877519,0.063644,1.229932,-0.378674,1.496556,0.475126,0.065378,0.493615,-0.442919,-0.107024,1.026413,1.235805,-0.36736,-0.482068
Tuberin,num,Molecular,Protein Array,-0.606828,-0.166294,0.130978,0.059759,-0.216511,0.165318,-0.147289,-0.577966,-1.20126,-0.162858,0.144906,-0.069667,0.186601,-0.220479,0.014933,0.149236,0.153818,0.642725,-0.734732,0.433277,0.018864,0.347561,-1.01254,-0.270451,0.225303,-0.335225,0.051303,-0.625072,0.32597,-0.845557,-0.155291,0.184947,-0.00944,0.117362,1.052007,-0.241802,0.297566
Tuberin_pT1462,num,Molecular,Protein Array,0.236515,0.076298,0.194101,0.667484,-0.122757,0.128031,-0.095181,-0.205246,-0.584328,0.103371,0.137969,-0.118668,0.008641,-0.142338,-0.170642,0.361689,-0.284817,0.030698,-0.193738,0.027232,-0.035319,0.548557,-0.437902,-0.217273,0.045195,0.567166,-0.080071,-0.21311,0.117525,-0.250703,0.027855,0.139826,-0.52937,-0.131449,0.960892,0.752321,0.062589
VAV1_Caution,num,Molecular,Protein Array,-0.131202,0.3951,-0.792294,-0.881149,-0.87809,-0.592063,-0.663946,-0.702554,-0.433113,-0.971421,-0.301391,-0.161255,-1.072978,3.041145,-0.839911,-1.177899,-0.890005,-0.299561,-0.575923,-0.053494,0.849651,-0.120947,-0.31069,-1.419913,-0.297502,-1.042594,0.014889,0.121116,-0.411676,-0.475432,-0.367095,4.081963,0.084401,-1.027978,-0.1581,0.639429,0.195428
VEGFR2,num,Molecular,Protein Array,0.471781,1.461733,0.257812,0.561002,0.533948,-1.112638,1.033623,-0.090413,0.974833,0.875094,0.011702,0.75823,-0.277762,1.218119,1.335723,-0.51536,-0.235438,1.004886,0.300535,-0.159211,0.771078,0.684933,0.812125,1.757633,-1.640315,0.680426,0.127117,0.276887,0.780661,0.940107,-0.583139,-0.812644,0.446581,-1.271693,-0.803256,-1.093767,1.878884
VHL_Caution,num,Molecular,Protein Array,-1.22124,2.621438,0.631177,-0.945135,-1.494348,0.28191,1.754607,-1.351213,5.180068,0.339201,0.400888,0.628919,0.19353,3.354873,-1.236426,-0.430965,2.580068,-0.001914,1.90162,2.954263,1.150188,2.206359,2.648111,1.603123,-1.419885,0.697605,0.331059,-0.41768,-2.114762,-0.748606,0.711771,2.001419,-2.080347,0.602066,1.582233,-1.201301,1.658521
XBP1_Caution,num,Molecular,Protein Array,-0.324394,0.096392,-0.294921,-0.111949,-0.011417,0.313227,0.047431,-0.014328,0.114227,-0.37526,-0.102104,-0.2268,-0.155391,-0.453208,0.328519,0.381454,-0.182341,0.210325,0.019526,-0.111455,-0.360314,-0.367909,0.102959,0.934475,0.583132,-0.274573,0.013374,-0.073391,0.364639,0.414743,0.326975,-0.103279,0.104026,0.025419,0.07474,0.152629,-0.244214
XRCC1_Caution,num,Molecular,Protein Array,-0.215191,0.619928,0.097746,-0.057225,-0.037427,-0.125591,-0.113879,-0.40454,0.031121,-0.231128,-0.188814,-0.205803,-0.286785,-0.08924,-0.184019,0.178637,0.115137,-0.124984,0.529021,0.585722,-0.038305,-0.281483,0.045942,-0.383189,0.071216,-0.215956,0.320297,0.958144,-0.309149,0.113971,0.201954,0.202804,-0.297479,-0.472983,-0.311597,0.241644,0.024529
YAP_Caution,num,Molecular,Protein Array,0.239864,0.196921,0.582669,1.184203,0.644287,-0.027349,0.144073,-0.015088,0.171734,0.341035,-0.124372,0.585598,0.447174,0.525878,1.064383,0.160274,0.670315,0.45245,0.386974,0.303828,0.441824,0.828828,0.043095,-0.15622,0.306154,0.713775,0.564851,0.27554,0.320895,0.800311,-0.340547,0.389097,0.288206,0.555981,-0.662523,-0.39135,0.389419
YAP_pS127_Caution,num,Molecular,Protein Array,1.22505,0.530145,0.641804,1.674227,1.073964,0.278475,-0.071326,-0.655394,0.113296,1.484919,-0.576447,0.824148,-0.751287,0.83789,1.839531,0.240802,0.615256,-0.812631,0.855825,-0.380182,0.05062,1.62144,0.457014,0.79756,0.29162,2.075964,0.157517,-0.332651,-0.115131,1.142987,-0.874169,-0.19081,1.738583,1.245463,-0.494399,-0.812838,0.537548
YB-1,num,Molecular,Protein Array,0.337839,-0.239957,0.215985,0.052806,-0.06304,-0.258559,0.609172,0.248233,0.052643,0.944623,0.343409,0.40517,0.182735,-0.002245,0.360943,0.140492,0.134853,-0.180034,0.13572,0.114984,0.207048,-0.101899,0.166975,0.126203,-0.046844,0.792468,0.11014,0.032599,0.101817,0.444838,-0.174687,0.16534,0.172327,0.199156,0.321955,0.015803,0.607075
YB-1_pS102,num,Molecular,Protein Array,0.214364,-0.411595,0.457027,0.865545,0.285237,-0.111694,0.210244,0.653054,-0.203914,0.367265,-0.186005,0.515913,-0.008433,-0.752613,-0.24771,0.24125,-0.121517,-0.182749,0.179755,-0.177674,-0.148751,0.1267,0.060292,-0.480992,0.001066,0.940813,-0.106277,-0.19879,-0.012904,0.547768,0.226603,-0.045045,0.136769,0.373346,-0.436702,-0.201114,0.191105
