Feature,Data_Type,Category,Sub_Category,ACH-000001,ACH-000048,ACH-000091,ACH-000116,ACH-000123,ACH-000132,ACH-000237,ACH-000256,ACH-000278,ACH-000291,ACH-000324,ACH-000409,ACH-000430,ACH-000443,ACH-000460,ACH-000524,ACH-000527,ACH-000542,ACH-000574,ACH-000608,ACH-000617,ACH-000646,ACH-000657,ACH-000663,ACH-000688,ACH-000696,ACH-000701,ACH-000704,ACH-000713,ACH-000719,ACH-000796,ACH-000811,ACH-000885,ACH-000906,ACH-000947,ACH-001042,ACH-001063,ACH-001151
2-aminoadipate,num,Molecular,Metabolomics,6.0674025,6.1231825,5.7862107,5.6975258,5.8827883,5.9590368,6.3257534,6.0687233,5.7149653,6.1648554,6.0816281,5.8219134,6.0146871,6.0444028,5.9794112,5.891335,5.860331,6.2791077,5.6646396,6.5584259,5.5285933,5.5414401,6.118234,6.0762591,6.0480741,5.8843534,5.323673,5.7239713,6.7458683,6.2687758,6.2529912,5.9229254,6.2976849,6.0799859,5.9077496,5.8292926,6.2913131,5.9097182
3-phosphoglycerate,num,Molecular,Metabolomics,5.6023603,6.1441561,5.8886067,5.7654683,5.6281984,5.624752,6.0040484,5.7810033,5.0300495,5.9448197,5.9713931,5.9912885,6.020838,5.4528703,6.0083644,5.7644406,6.2272449,5.8518493,5.7631153,6.1807276,5.9159793,5.9884026,6.0895099,6.228142,5.8769504,6.2009661,6.0844786,6.3166117,5.5832281,6.0422646,6.2948876,6.0064322,5.5711678,6.5522387,5.721835,6.2499458,6.0255594,5.823581
alpha-glycerophosphate,num,Molecular,Metabolomics,5.5563464,5.6746983,6.382852,4.965903,6.1188585,5.6923298,6.5698974,6.2106216,6.1042009,5.9769259,5.3308877,6.6304241,5.6124656,5.3872081,5.6287437,5.8132325,5.7885479,6.3535226,5.7060272,5.4360543,6.2870798,6.3601096,5.8366799,6.6714276,6.0890187,6.4737592,4.7188742,5.7701956,5.5810702,5.5207524,5.7920006,5.7429945,5.5421249,6.8054878,5.6078593,5.8284131,7.1435122,5.5572011
4-pyridoxate,num,Molecular,Metabolomics,5.6376663,5.5176405,5.9960417,5.6685515,5.4592921,6.2411233,6.1583628,6.0288865,6.2278942,6.0640386,6.034447,5.7414696,6.4322893,6.0875165,6.186922,6.2932634,5.5385206,5.6503382,5.7619991,5.5210019,6.066119,5.5769459,6.2376029,5.744309,6.353927,5.8193168,6.0175701,5.766469,6.5259859,5.7999585,5.605644,5.8773937,5.7069981,5.9725953,6.3993319,5.882535,5.5386337,6.181704
aconitate,num,Molecular,Metabolomics,6.0403754,5.8456752,5.9017358,6.0386833,5.5526779,5.9390794,5.8964519,5.7958502,5.5013086,5.8308124,5.8967848,6.1054817,6.0588238,5.6337238,6.1526703,6.0165696,6.1193595,5.6001185,5.9473048,6.1244606,5.9018829,6.0707659,6.08695,6.0412552,5.8025201,5.9179752,5.2150596,6.1952778,5.9633016,5.8503414,5.9452107,5.6462666,5.8798066,6.1352093,5.6728329,5.6294424,6.2414873,5.7145685
adenine,num,Molecular,Metabolomics,5.6492836,5.8019995,5.8730115,5.5100743,5.7011212,5.216474,5.4552843,6.232898,6.0713129,7.4355295,6.5323496,5.5936252,5.5015836,5.535119,5.6667166,5.8397813,5.796206,5.6307945,5.4454148,6.1491001,5.6790339,5.8854425,6.0992311,5.9911521,5.7687596,5.7057585,5.6199267,5.6148818,6.1048213,5.8174721,5.8831068,5.3077603,5.7506068,5.699452,5.6262915,6.0854374,5.7710654,6.0181834
adipate,num,Molecular,Metabolomics,6.1844503,6.0524605,5.838974,6.098071,5.9386819,6.1123038,5.7147273,6.0753854,5.9174865,5.6210557,5.7824665,5.8573355,5.9198053,5.995427,5.6452999,5.9527209,5.9772821,5.949743,5.9029485,5.9181979,5.8725058,5.8070455,5.4057612,5.8290955,6.0438746,5.9046248,6.0542484,5.629189,5.8928064,5.9076475,5.911475,5.8713882,5.8142289,5.9634128,6.1286215,5.7477818,5.9475929,6.0163798
alpha-ketoglutarate,num,Molecular,Metabolomics,5.8520898,6.018892,5.9978382,5.8916935,5.5605017,5.9817478,6.0579917,6.0562159,5.8192669,6.2513421,5.9698756,6.1298393,6.1896478,5.7012457,5.8208532,6.1533591,5.9383962,5.6327297,5.9316176,5.6020427,6.0232584,5.6586177,6.533795,6.3187424,5.7854979,5.9703913,5.6159829,6.2308433,5.7951505,5.8472288,6.0457717,5.7711983,6.0549008,6.1978185,6.1069837,5.6137446,6.4263201,5.9908036
AMP,num,Molecular,Metabolomics,5.5972393,5.8595683,6.0244208,5.8910777,5.7443757,5.2691389,5.7325414,6.1170022,5.764489,5.9390733,5.3613304,5.7139445,5.7352658,5.4900065,5.7073849,5.8048573,5.7345729,5.5939736,5.6024081,5.9360365,6.0031796,6.2241391,5.6400961,5.7725224,5.6694075,5.7103109,6.3803834,5.6192839,5.885665,5.7323876,5.9244397,5.7255231,6.2514287,5.8913895,6.0115714,7.0448122,6.0547389,5.5342495
citrate,num,Molecular,Metabolomics,5.9783307,5.9079308,5.8267962,6.1273189,5.4813807,5.8201992,5.8402785,5.800919,5.5413868,6.0455232,5.8619208,6.0799218,5.884605,5.7723854,6.0716369,6.0652608,6.0214929,5.5540557,5.8804555,6.043095,5.8393282,5.8786558,5.8235483,6.0876059,5.8864648,5.8391494,5.4513216,5.9146322,5.8215225,5.6563391,6.0364066,5.7266352,5.7631672,6.1294116,5.7607083,5.8246721,6.220788,5.853117
isocitrate,num,Molecular,Metabolomics,5.9545206,5.8529664,5.9066429,6.0155067,5.4774943,5.8890816,6.0099293,5.847896,5.3961949,5.790991,5.9720238,6.1461111,5.9903915,5.7612389,6.227098,6.1134577,5.8542702,5.6021793,6.0403482,5.6178957,5.9774738,5.7923355,5.9292511,6.2152607,5.9253731,5.9910816,5.2659622,5.8990924,5.8529989,6.0181449,5.9150096,5.7745906,5.8573863,6.3068928,5.8203739,5.7107848,6.1642727,5.8738639
CMP,num,Molecular,Metabolomics,5.64162,5.6299694,5.7533362,6.1782846,5.6093306,5.6644467,5.9082836,5.7806344,5.821424,5.9456603,5.2330567,5.5967758,5.5738568,5.6180574,5.6701222,5.6091827,5.9097515,5.3953569,5.4196455,6.0430949,5.9231594,5.8394802,5.9925018,6.0455705,5.667134,5.4884057,5.8896778,5.9107521,5.487865,5.8856528,6.1788782,5.8043202,6.0122421,5.7234765,5.7168394,6.8386966,6.475432,5.729033
cystathionine,num,Molecular,Metabolomics,5.9464594,6.2652852,6.2573764,6.3860553,6.6001503,5.5342824,5.0270527,6.404735,6.2411373,6.103406,5.7132822,6.1183872,6.5197578,6.0475761,5.8407668,5.7406527,5.3550647,6.3698823,5.8397164,5.0325154,5.2049715,5.6631578,6.8480483,4.6336064,5.7925282,6.3985623,5.1495696,5.8699491,6.609159,5.9367959,4.9330172,5.5602591,5.410902,5.938638,5.919798,6.6194924,6.6908373,5.3008684
cytidine,num,Molecular,Metabolomics,6.4496008,5.9951642,5.7644348,6.2387681,6.1616109,5.4840917,5.0879709,6.1614391,5.466894,5.7783086,5.7090198,5.8839763,5.5625314,6.3550563,4.9438552,5.854101,5.8424481,5.3768264,6.4450167,6.0595503,5.3194114,6.7314563,5.4713778,5.8224876,6.0606821,4.8201295,6.1789327,6.0452203,5.1060698,5.3685887,5.7270721,5.1705265,6.0235756,5.6898298,5.5067389,6.3952789,6.0405384,5.5158322
dCMP,num,Molecular,Metabolomics,5.762707,5.4612194,5.6382886,5.3989237,5.2803299,5.8620098,5.7322183,6.0146868,5.6604042,5.839112,5.7311158,5.7878516,5.8512272,5.6064476,5.7672943,5.1671632,5.5080098,5.9155607,5.8333115,5.8531367,5.8891746,5.2000934,5.725478,5.8855398,5.8386364,5.6881466,5.6003162,5.7755853,5.154965,5.9124177,5.3434467,5.6234357,5.647288,5.9382303,5.5084678,5.7649565,6.4653519,5.7181952
DHAP/glyceraldehyde 3P,num,Molecular,Metabolomics,5.5419438,5.7966962,6.5771514,5.7779524,5.8993925,5.5751742,6.2765643,6.6301459,6.0449995,5.383816,5.9367491,5.8591696,6.1881881,5.270972,6.0226128,5.7924149,6.1737937,6.7184067,5.5432541,5.9392521,5.9542739,6.2092035,5.8750702,6.1780615,6.2100618,6.3168613,5.9531522,6.1019054,6.1877479,5.9732666,6.6313482,5.9293558,4.8936373,6.7582954,6.0196531,4.9680096,5.8085586,6.1381067
erythrose-4-phosphate,num,Molecular,Metabolomics,5.4256909,5.7746913,6.1873954,5.9630597,5.8666722,5.7020726,6.0578162,6.6378696,5.8604846,6.0252463,5.5985843,5.9101705,5.8564154,5.6521748,5.982909,5.971909,6.1843678,5.905568,6.1489809,5.9308851,6.1571632,6.0828727,6.17817,6.0333779,5.898594,5.8673286,5.8963126,5.9396234,6.0688784,6.0226912,5.7564081,6.0008639,4.7523877,6.3055986,5.6318653,5.5817744,5.8007372,5.8599708
F1P/F6P/G1P/G6P,num,Molecular,Metabolomics,5.7034302,5.6459443,6.2261294,6.0283595,6.041357,5.6903694,5.8452446,6.6420063,5.9446304,6.1882698,5.6589673,6.4585139,5.7014319,5.5846175,5.9649772,6.0192969,5.8005597,6.2973845,6.3108815,5.9450634,6.1985586,6.0231518,6.1863373,5.8071463,5.9599005,6.0045007,5.810831,5.9580094,6.0653828,6.0396118,6.12027,5.8386312,4.6575022,6.340539,5.5011409,6.0831298,5.6333743,5.9126582
hexoses (HILIC neg),num,Molecular,Metabolomics,5.9912637,5.759142,5.85525,6.2558148,6.2029412,6.2851999,5.9063945,6.099066,6.1669967,5.7260085,6.1559131,6.0077498,5.6337188,6.1054197,5.9227125,6.0251376,5.7618005,6.3052004,6.3680088,6.1172198,6.022558,5.7327448,6.0918718,5.355488,6.055351,5.8866003,5.9607993,5.9934864,6.1447695,5.9995613,5.7017805,6.1585172,5.2751586,5.773992,5.8107139,5.0440886,5.7247502,6.1155515
fumarate/maleate/alpha-ketoisovalerate,num,Molecular,Metabolomics,5.7652261,5.9027456,5.6852418,5.9460727,5.6336089,5.9677945,5.6490749,6.288267,5.7896407,5.9402222,5.7866863,5.8973608,5.9059148,5.7563037,6.0669345,5.9418004,5.6119991,5.5321731,5.905691,6.0349098,6.2051985,6.014368,5.8155587,6.0774646,5.855497,5.9922095,5.8374132,5.8599676,5.835883,6.0789625,6.216191,5.8207649,5.8695742,6.0996288,5.7196384,5.9994167,6.0002167,5.9746523
glucuronate,num,Molecular,Metabolomics,5.7524749,5.4528733,5.7323761,5.9140659,5.7251475,5.9496875,5.854776,5.8043167,5.8241086,6.1534751,5.9311201,5.7381752,5.9440752,6.0512105,6.0723159,5.8351034,5.594912,6.060949,5.9084396,5.7684832,5.8827849,5.9322362,6.0398575,6.218193,5.8775084,5.9643292,5.530641,5.8429856,6.0274579,5.8839763,6.0166633,6.1396366,5.8618318,6.2060033,5.7478778,5.7900018,5.566326,5.9537452
glutathione oxidized,num,Molecular,Metabolomics,5.3913607,5.4861663,5.8709232,5.7358878,6.1902061,5.6215171,6.5296757,6.0581669,6.1852807,6.0314869,6.067237,5.521032,5.9079841,5.4656728,5.9181826,5.9578215,6.3756664,5.839363,5.6068115,6.0506298,5.9840278,6.0519436,5.5372224,5.7619862,5.9725202,6.1526891,6.3218071,6.1095003,6.1211075,5.9938869,5.8574929,6.2324499,5.3676177,6.2122001,5.2116264,5.4737606,6.1964292,5.7554034
glutathione reduced,num,Molecular,Metabolomics,5.3810785,5.6534636,5.9878617,5.723745,5.9671997,5.5955432,6.2929473,6.0550196,5.8736068,6.0728232,6.2066575,5.4420887,6.0064322,5.5269191,5.8961747,5.7079136,6.0747825,5.732325,5.4230484,5.8819171,5.8877897,5.8925732,5.1635552,5.9944049,6.0250837,5.9251715,6.2584151,5.950195,5.9915013,6.0005929,5.9053396,6.2918391,5.5018594,6.0400872,5.3068018,6.0712346,5.9499195,5.925052
GMP,num,Molecular,Metabolomics,5.4682482,5.8403765,5.9491188,5.8461148,5.770535,5.5820957,6.0685571,5.8064638,5.4030083,5.7813937,5.4551205,5.584707,5.4775901,5.3004005,5.6560268,5.7083534,6.1438251,5.8839763,5.4937186,5.9288188,5.852144,5.6334905,5.7560382,5.8901121,5.6038997,5.8603489,5.8419015,5.502059,5.924174,5.8450205,5.8004237,5.794622,6.0263826,6.2093686,5.6360442,6.2655124,6.7736097,5.6678616
guanosine,num,Molecular,Metabolomics,5.8392692,6.0389783,6.3111302,6.293468,6.506175,6.0473727,6.0208724,6.1045005,5.552448,5.9505094,6.3369364,5.4284392,5.4615222,5.602468,5.8073502,5.6512917,5.8335823,6.2896023,5.6618548,6.0824278,5.330377,6.0099301,5.65819,5.9170528,6.7850732,5.4956783,5.6103344,5.780751,5.8253207,5.4234463,5.837987,5.797451,5.7915366,6.2650483,5.6971422,5.5322627,6.2940535,6.416696
hippurate,num,Molecular,Metabolomics,6.301867,6.0561038,5.6511659,5.5939116,5.9970318,6.1064468,5.7568032,5.9808113,6.231453,6.0511971,6.2832964,6.0728322,5.9856836,6.2963466,6.2164666,5.9571752,5.8196203,5.9600837,6.1235514,5.7452867,6.0355673,5.8243947,6.3312754,5.6704183,6.126638,6.06482,5.7002578,5.6173724,5.7804825,5.8500338,5.7249832,5.9331225,5.8795906,5.8182972,6.0662026,5.2253867,5.9160887,6.0862195
hypoxanthine,num,Molecular,Metabolomics,6.2697197,5.9170595,6.1135522,5.7336346,5.5893009,6.9422101,5.8839763,5.7340846,5.1641371,6.1452302,5.5687298,6.4361174,6.1594188,6.9064051,5.0768009,5.7682005,6.6235355,5.6895328,6.6666542,4.9409446,5.7163078,6.0141816,5.1713513,6.5293891,6.5469111,5.7250715,6.7065766,5.0978574,6.344918,6.8995429,6.1629953,5.1653103,6.6213406,5.3396472,5.8964256,5.5758452,5.3077211,5.0102968
inosine,num,Molecular,Metabolomics,6.111971,5.8310046,6.158804,6.1287124,5.8842614,6.342711,6.0731593,5.999744,5.8657069,6.1502378,6.1749919,5.6120472,5.7107901,6.0822243,5.8622177,5.7857634,5.5714929,5.9796501,6.0497316,6.1651264,5.6825001,6.2458754,6.0249027,5.8791227,6.4402772,5.8491116,5.8883534,5.6398741,5.6708941,5.7899364,5.8731112,5.4945272,5.7793262,5.8230018,5.8071066,5.6683866,5.850147,5.8100928
kynurenine,num,Molecular,Metabolomics,6.2146984,6.8738221,6.9241116,6.365295,5.7753134,5.7392619,6.0776367,5.5739512,5.8089569,7.4674303,5.9848816,5.9604777,5.6900131,5.8554385,6.5773839,5.8671287,6.4757912,6.0406508,5.7901814,6.033114,7.1277455,5.8262074,6.0344608,5.6483396,5.6894571,5.7046086,5.3197462,5.1485709,5.900054,5.7048578,5.8498437,7.3144354,5.7222193,5.4178188,6.4695444,5.5956579,6.2331333,5.5802974
lactate,num,Molecular,Metabolomics,5.7275356,5.6668963,6.1515183,5.8163097,5.677671,5.7962869,6.06033,5.9898091,6.1342754,5.8669325,5.8055881,5.7076599,6.0432921,5.7609971,5.9311378,5.8573055,5.9190939,6.0492283,5.7522814,5.8241302,5.8839763,6.0253795,6.1146096,6.3340671,5.9927497,6.0837074,5.5047867,6.0232672,5.970026,5.9601135,6.2436654,5.6445946,5.9885332,6.0932309,5.8445427,5.6012442,6.0893003,5.9523439
lactose,num,Molecular,Metabolomics,5.7577752,5.8940257,6.2596552,6.2831501,6.0552657,8.4161189,6.3664281,5.8888684,6.3463348,5.8682746,6.0927074,6.368093,6.2492865,6.0335586,6.2427517,5.8754163,5.5843159,6.188467,6.0484265,6.3553798,5.8406131,5.9800268,6.3219822,6.2032422,6.1191485,5.8738366,5.7136494,6.2206147,6.1556782,5.8605809,6.1957891,7.7932664,5.6975466,5.4178049,6.079007,5.8487625,7.2956639,6.2153901
malate,num,Molecular,Metabolomics,5.8085863,5.9545042,5.7687713,5.9203354,5.5041286,5.922717,5.6771788,6.2685074,5.8078909,5.9910881,5.7890246,5.8969228,5.9181172,5.8027395,6.0648096,5.947614,5.6197403,5.2548019,5.9649315,6.0607203,6.2772581,6.0846521,5.7544695,6.0334019,5.8750075,5.982084,5.7085605,5.8904645,5.8238306,6.0792559,6.1780324,5.7008595,5.9227452,6.1055946,5.7008647,6.0988878,6.0767453,5.8792339
NAD,num,Molecular,Metabolomics,5.3081701,5.5264353,5.9750574,5.6479491,5.5961305,5.5994159,6.1653474,6.0307338,5.8933934,5.8106303,5.7478345,5.8324741,5.840314,5.460605,5.9353655,5.7027226,5.8561516,5.7846206,5.6541154,5.8809917,5.994924,5.8333751,5.4999148,6.1863286,5.9312738,5.5748802,5.8449951,5.8587771,5.9047614,5.468853,6.1572198,5.9946962,5.662796,6.2668709,5.4512186,5.9340036,5.8794186,5.7926185
NADP,num,Molecular,Metabolomics,5.4358116,5.9208923,6.0774788,6.2490648,5.6132324,5.7646322,6.5665814,5.5302712,5.7312595,6.1996883,5.9342168,5.6686623,5.9106979,5.7483643,5.8424626,6.025372,6.5015727,5.750568,5.5731668,5.998172,6.0126998,6.0307779,6.0616594,6.0757208,5.5372685,6.013462,6.6052388,6.3601346,6.0372993,5.7274188,5.8624274,6.3228082,5.5004524,6.1766514,5.6826339,5.9727787,6.0322662,6.041911
oxalate,num,Molecular,Metabolomics,5.703829,5.7877159,5.972693,5.9111898,5.8048052,5.9116325,5.9265129,5.8934722,5.6756816,5.5815329,5.7717235,5.6543582,5.8999321,5.7835211,5.8573918,5.8803477,5.626642,5.8966184,5.8489202,5.801119,5.93161,5.8029272,5.3601365,5.8073741,5.9563779,5.9906549,6.0864941,5.5362113,5.8612961,6.035819,5.7926644,5.957866,5.7826063,5.7694819,5.9429261,6.1860749,5.7456354,6.1972201
pantothenate,num,Molecular,Metabolomics,5.966498,5.9772313,5.8332202,6.0408458,6.1583511,5.8020632,5.920433,6.4670117,5.912037,5.8408082,6.2067885,6.4680612,6.1365259,5.4050995,5.6636696,5.8600993,6.1117497,6.2048581,6.1668757,5.7770082,5.8553453,5.7892699,5.4005057,5.866345,6.1843216,5.8422592,6.2680916,5.5703359,5.4799612,6.0791216,5.5857839,6.0410818,5.8939236,6.0587573,6.0251668,5.5919378,6.1762071,5.7067793
PEP,num,Molecular,Metabolomics,5.3965654,6.0747802,5.9709183,5.5755549,5.7350402,5.4852192,5.6516692,6.1439496,5.0110977,5.5741335,5.9279873,5.9651981,6.3108332,4.7913586,5.8555953,5.826856,6.1890831,5.8708734,5.6636692,6.1309439,6.135269,5.81059,6.1380905,6.2318279,5.7296959,6.1643336,5.6041223,5.8239072,5.4742448,5.8369841,6.0258587,5.4638008,6.0441328,6.4940031,6.0001232,6.2184143,6.2710451,5.8683872
ribose-5-P/ribulose5-P,num,Molecular,Metabolomics,5.4863466,5.7796088,6.2384815,5.866126,5.8907277,5.3785626,6.3561781,6.5072574,5.6866393,5.9074987,6.0410784,5.98548,5.9665569,5.0995115,5.820552,5.9566582,6.0124247,6.3744904,5.7232862,5.7608048,6.083451,5.8839763,5.9987898,5.8644902,5.9909119,6.5473151,5.6798154,5.969704,6.1179324,5.8650911,6.6864021,5.9025454,4.6456238,6.4974105,5.7543092,5.7988267,6.1419592,5.8095545
sorbitol,num,Molecular,Metabolomics,5.7613872,5.5552045,6.5496707,5.6305612,5.776607,5.9457753,6.4326253,5.9979693,6.0431792,6.1384626,6.1927292,5.7960052,6.0258271,6.0618058,5.9748848,6.014706,5.7182782,6.1963192,6.1581595,5.7435443,6.01108,5.9245344,6.1097515,5.9767998,5.7987852,5.9382582,5.8449865,6.4993515,5.9084347,5.9989957,5.9840769,5.8350303,5.9376008,5.7793878,5.8571608,5.2478828,5.45291,5.8568362
succinate/methylmalonate,num,Molecular,Metabolomics,6.1896292,6.044426,5.5169328,5.7041531,5.9692308,6.1351253,5.6605165,6.0380804,6.1543907,5.9487341,5.9582642,5.9191168,5.9852812,6.0857646,5.9341379,5.9693802,5.9352392,5.8348459,5.9481837,5.9617421,6.1285082,5.7007543,6.0092184,5.9095817,5.9321726,5.9075189,5.7469848,5.7231037,5.9127765,5.8857656,5.8841125,5.7665415,6.0195734,5.8026242,5.8922269,5.3882643,5.8698882,5.8557037
sucrose,num,Molecular,Metabolomics,5.4428892,5.4152247,6.1625904,6.1050975,6.0149885,7.8373789,6.2845097,5.8569198,6.2479946,5.6667309,6.000382,5.6623392,5.7698775,5.9869023,5.9676552,5.6952136,5.8393474,6.0455412,6.0147262,6.3495631,5.6484772,5.9082505,6.2262476,6.4445828,5.9815209,5.6559836,5.7426436,6.065715,5.9629717,5.7058036,6.1830028,7.0981091,5.8876664,5.8642067,5.8500788,5.9231249,6.3635917,6.089147
thymine,num,Molecular,Metabolomics,5.5809151,5.6401401,6.6605101,5.941568,6.284322,6.6439047,5.9596342,6.2060184,5.8635076,6.4458332,5.621348,5.7823278,6.1993428,5.9842741,6.3808156,5.7744349,5.6886113,5.4592894,6.1176118,6.1095421,6.0131444,5.9392953,6.0230717,5.7445622,6.0430461,5.9087258,6.2636292,6.0474297,6.0000786,6.4476346,5.612226,6.405476,5.8492971,6.0501028,6.2577562,5.9881593,5.4658341,5.9776509
UMP,num,Molecular,Metabolomics,5.4855425,5.8807401,5.7909367,5.9962447,5.755821,5.3879431,5.5524668,6.0698133,5.9783156,5.7734163,5.3132017,5.6319129,5.4519011,5.4442989,5.8675152,5.7195332,6.1028381,5.7208312,5.3612645,6.2170978,6.1408569,5.9984639,5.786211,5.9721287,5.7866744,5.5518007,6.1135469,5.8300424,5.9645276,5.495351,5.9405299,5.7648055,5.959429,5.90956,5.8073438,7.0408429,6.1056259,5.5256343
UDP-galactose/UDP-glucose,num,Molecular,Metabolomics,5.4543668,5.9988919,6.1598325,6.0880561,5.8838185,5.5046933,5.7933006,6.3065146,6.0030284,6.1482756,5.4685421,5.8562046,5.6818249,5.4465424,6.083314,5.9558761,5.8432557,5.849713,5.5754698,6.0663076,6.2875511,6.0110033,5.5892977,6.1890059,6.0575556,5.825462,5.6786563,5.831686,5.8904044,5.7884319,6.0744962,6.1905957,4.99756,6.2295558,5.6261139,6.027452,6.0457489,5.9144609
uracil,num,Molecular,Metabolomics,6.2425862,6.103414,5.7212596,5.7299081,5.8663415,6.0238452,5.6251065,5.9730228,5.9370502,6.3753296,5.9749376,5.8346801,5.6998791,6.1961992,6.1926384,5.9588098,5.9060568,5.3454715,6.07128,6.0876106,6.0806679,6.4112726,6.2089173,5.7865392,5.8381101,5.9122048,5.7622963,5.9073594,5.8680064,5.9874629,5.8996708,6.2243286,5.9983233,6.0076493,5.9804294,5.2825184,5.8546726,5.9251513
urate,num,Molecular,Metabolomics,6.3990558,6.2520332,4.3004598,4.1577951,5.8839763,6.2393256,5.7107934,5.6550031,6.1133469,6.3279251,6.2080677,5.9687567,6.236452,6.2922461,6.5574514,5.9890027,5.9939523,6.0959434,6.1190347,5.3984671,5.8871333,5.829735,6.4552778,6.591454,5.8365679,5.9761323,6.3880997,5.764297,5.8287976,6.3624474,6.0276071,5.7166053,6.1716424,5.9871325,6.0946061,5.3202319,5.9107024,5.8412814
uridine,num,Molecular,Metabolomics,6.1988305,5.7889685,6.2147561,6.8400244,5.9124071,5.6029956,5.3712306,5.9566724,5.4423312,6.1196494,5.4214042,5.3160031,5.1752394,5.8955785,5.9314898,5.7344187,5.9951999,5.9507048,6.007669,6.7161032,5.8601898,6.7568065,5.2589124,5.8547193,5.6909546,5.7859357,5.6795542,6.1388713,6.2019095,5.7844328,5.7054344,6.4885658,5.72003,6.035244,5.4136175,6.5369376,5.5905088,5.6370636
xanthine,num,Molecular,Metabolomics,6.1673354,5.9502739,5.7235559,5.8508063,5.8631058,6.1742718,5.9158827,5.8694506,5.9200294,6.4068802,6.1021015,5.6833055,6.0338371,6.2163956,6.0435011,5.928263,5.7448911,5.903179,6.1027605,6.0048716,5.9794435,5.9801385,6.4919487,5.7160018,5.8184518,5.8435526,5.7818391,5.8931226,5.7853419,5.9749024,6.2270758,6.0838576,6.0473869,5.9884967,5.8899491,5.3421851,5.9904023,5.8316524
taurocholate,num,Molecular,Metabolomics,5.3954171,5.9424932,5.8869092,5.8066801,5.8845184,6.016464,5.7030055,6.1736628,6.0878473,6.1045892,5.8630959,5.5313717,5.8591467,6.0965229,6.0863975,5.7058785,5.34457,5.5614238,5.8839763,6.3455833,5.8119986,5.9366634,6.2226775,5.3932722,5.8374464,5.8910958,6.2692088,6.3730488,5.8106304,5.484084,5.7722374,6.953282,5.6360379,6.801968,4.8979917,5.9021448,5.695764,5.8997863
glycodeoxycholate/glycochenodeoxycholate,num,Molecular,Metabolomics,6.1075038,5.9552792,5.7920001,6.1014814,5.7770558,6.0802333,5.5191291,6.0816524,5.8853667,6.1100936,6.1566699,5.7616725,5.9543916,6.1408713,5.9588299,5.941401,5.8024485,5.9213451,6.0917407,5.3933703,5.9621553,5.7831367,6.019334,5.7545184,5.8890853,5.7948423,5.8223743,5.5806162,5.6711473,5.904504,5.9587473,6.4655344,5.9902758,6.4888033,6.0462679,5.4803831,6.0454346,5.9823039
taurodeoxycholate/taurochenodeoxycholate,num,Molecular,Metabolomics,5.861245,5.640024,5.9024131,6.1946861,6.1028585,6.1974611,5.7157249,6.0993611,6.4201694,5.7311527,5.8214694,6.0502669,4.9548347,6.3924461,6.2627794,6.2091251,5.5510419,5.1066635,6.0096606,5.6990014,6.2067762,6.2799245,6.7219274,6.2564039,6.0073975,6.1590568,5.3837642,5.9519723,6.1160302,4.6663716,6.2644626,5.1878626,5.7467417,5.9780392,3.7888759,5.9916678,6.2824372,6.4734678
phosphocreatine,num,Molecular,Metabolomics,5.9468696,6.618946,5.2703862,4.9580705,6.4262872,4.6240756,5.3131631,5.9053056,5.26417,5.9921395,5.0675209,6.0762226,5.0871503,5.5858044,6.0053956,5.8874305,6.0925254,6.0952806,4.4170514,6.4168132,5.6264064,5.8223019,6.3614333,3.7150714,5.2250486,6.6318316,5.1923997,5.9401545,5.9738364,6.2880802,6.6473109,6.2626146,5.475448,5.5061945,6.4116429,6.2957617,6.762632,5.7895214
3-methyladipate/pimelate,num,Molecular,Metabolomics,5.6530676,5.898195,5.7447274,5.8784228,5.8233967,5.9856685,5.8027164,6.0391048,5.89051,6.2527963,5.9770457,5.6722398,5.9997495,6.213941,5.9756384,5.9481772,5.6937839,5.8768648,5.9318088,5.8039471,5.7452187,5.8256491,5.8426762,5.8387526,5.9397527,5.7886424,5.9944571,5.7028286,5.8430241,6.0145612,5.7755349,5.8673725,5.6411883,5.8839763,5.9615672,5.9632109,5.7069591,6.1084676
6-phosphogluconate,num,Molecular,Metabolomics,5.8839763,5.8212069,5.991302,5.6790264,5.5469739,5.6275931,5.4763604,5.6731632,5.8572251,5.8865134,5.8948653,5.7384264,5.4291019,4.5941399,6.2273351,5.6798879,5.5568445,5.7538781,5.8218739,5.6769176,5.8677728,5.2159142,5.5491848,5.673551,6.7792152,5.8485923,6.1488202,5.6264029,6.0435808,5.5478772,5.9634284,5.7262776,5.8059906,6.3949907,5.3761332,6.4421619,5.5932641,6.3476952
alpha-hydroxybutyrate,num,Molecular,Metabolomics,5.7701824,5.7793282,5.6688235,5.9587255,5.7426201,5.8333748,5.5280423,5.7057673,5.7516807,6.0681806,5.7844863,5.8006551,5.9013077,5.9936053,5.9555858,5.8186707,5.7736089,5.6752531,5.8111748,5.7973195,5.9288108,5.6397884,5.8820175,5.9301027,5.8786349,5.8994139,6.1770796,5.6845566,5.7328398,5.7433023,5.7387841,5.8535881,5.7894784,5.7017669,6.2741634,5.9592814,5.8603897,5.6534055
2-hydroxyglutarate,num,Molecular,Metabolomics,5.9915349,5.8545593,6.4119556,6.0527256,5.372199,5.8226441,5.9101176,5.7944519,5.8839763,6.0385776,5.7848135,6.5874761,6.3237876,5.8801948,5.8321074,6.4753927,5.7877923,5.6005856,6.0490055,5.7294885,6.5078428,5.9676221,6.0401027,6.5008786,5.7982167,6.1705738,5.5666691,5.4541686,6.243041,5.7048142,6.2789757,5.9000835,6.1619162,6.0872452,5.8130658,6.2601805,6.7754958,5.707976
inositol,num,Molecular,Metabolomics,6.0737755,5.790449,5.9553413,5.8005542,5.6650082,5.8392184,5.1409097,6.0594108,5.5164422,6.0874169,5.9446188,5.9442999,5.1921595,6.0604638,5.8776182,5.9032933,6.0125826,5.6568379,6.2553114,5.6793675,5.9519637,6.040026,6.1777111,6.4303061,5.950446,6.0636933,5.4255673,5.5410165,5.3400924,6.2646495,5.829607,6.4620113,5.403565,5.9787287,5.5708962,6.3802386,6.2822803,5.9627816
malondialdehyde,num,Molecular,Metabolomics,5.5607182,5.8494439,6.1479945,5.8450749,5.7300794,5.8862638,6.0674139,6.1374205,6.1166355,5.9167401,5.9384983,5.6061717,5.9996977,5.7994144,5.8976132,5.8047099,5.873825,6.3157784,5.8475214,5.7654903,6.0033552,5.9612076,6.3063575,6.40395,6.0134992,6.2116308,5.6905045,6.1777243,5.7203787,6.1003687,6.2589275,5.8006235,5.8988335,6.2439941,5.8566992,5.9330252,6.0457409,5.9185638
glycine,num,Molecular,Metabolomics,5.8893951,6.0156291,6.1982168,5.8199695,6.0699318,6.1452156,5.5698296,5.9892613,5.8215949,6.3867383,5.7301465,5.9983302,5.8088933,5.7199114,5.87423,5.9134037,5.9657841,6.3813758,5.855801,6.2910517,5.7552558,6.0479499,5.9980381,5.6339407,6.099913,5.6922748,5.8272574,6.2610951,6.2150244,6.139699,5.9244622,6.4268451,6.0939874,6.3595771,5.5133638,6.0348194,6.0714397,5.6372357
alanine,num,Molecular,Metabolomics,5.7774831,5.7870783,6.2468283,5.9749937,5.524814,6.0393567,5.6074295,6.2187546,5.9962346,6.2969411,5.9582021,6.036838,6.0189501,5.8852978,6.0760206,5.8459095,5.7716718,4.7081284,6.0554614,6.3646921,6.1224913,6.3369281,6.1770077,6.0039271,5.6336629,5.5948114,5.7366547,6.2570782,5.8428847,6.4762386,5.8839763,6.0304005,6.0678285,6.1280947,5.6503682,6.3186591,6.2457397,5.310178
serine,num,Molecular,Metabolomics,6.0979165,6.0491506,5.7568862,5.9855567,6.2126531,6.3295134,5.4562423,6.1972429,6.3839213,5.970209,5.6878249,6.0133097,5.6292075,6.2536747,5.8675097,5.9364539,5.1989615,5.0114311,6.168766,5.8115273,6.0504946,6.0315243,6.2840616,5.5436274,6.1116314,5.7604148,6.0435629,5.9278439,6.2529724,5.8875009,5.8322541,6.1206919,6.1184627,5.8840331,5.1837701,6.5359241,5.3187698,6.132027
threonine,num,Molecular,Metabolomics,5.7323713,5.7410688,6.2016936,5.8154265,6.4550736,6.373494,5.9194984,6.4741086,6.4662183,5.8850082,6.1159363,5.8444558,6.2912492,5.8523701,5.6468432,5.8503359,5.9702134,6.7114352,6.3017034,6.3865557,5.8564597,6.050918,5.7605305,5.6537881,6.3513665,5.7120427,5.633631,6.3755467,6.4633211,5.9517759,5.8986232,5.9574447,5.8547528,5.7922794,6.1834976,6.2645505,5.7672308,5.7814874
methionine,num,Molecular,Metabolomics,5.7711231,5.5486389,5.8839763,5.9518398,6.2344795,6.1674373,5.6733376,6.216791,6.2206414,4.960925,5.8810976,5.9381131,6.0394974,5.946622,5.756558,5.9277424,5.8048628,6.3275117,6.1095354,6.2065723,5.941294,6.2921562,6.154171,5.7693601,6.0244871,5.848831,5.1601224,6.1882502,6.2044471,5.5518224,5.9595886,6.0928312,5.6365241,5.7025941,5.8393013,5.4704004,5.6899752,5.8557552
aspartate,num,Molecular,Metabolomics,5.8607355,6.0794372,5.2751375,6.0100015,6.1915122,5.9256208,5.1688369,6.2221215,5.4944749,5.9795462,5.8224633,5.7721687,5.7479901,6.058249,6.3717525,5.730723,5.5565888,5.5004279,5.7866078,6.6248531,6.0727792,6.1983087,6.2381271,5.7195427,6.1267369,5.7547325,5.8174808,5.7366232,5.6799299,6.294236,5.7592486,6.0802929,5.7773439,5.6199478,5.1358501,6.2601591,5.8567744,5.9560203
glutamate,num,Molecular,Metabolomics,5.5727071,5.9928868,5.9031285,5.8107665,6.0013577,5.8944971,5.7192161,6.426676,5.9928451,5.9357598,6.0234659,5.8969032,6.0359891,5.6128854,5.910474,6.0212725,5.6042134,5.6839082,5.979146,5.7058632,5.9873558,5.9984435,5.9759349,5.797444,6.0419793,5.9778807,5.5800936,5.986773,5.9267654,5.9216651,5.8917798,6.0656728,6.0810441,5.7353018,5.6955064,5.9196758,6.1859117,5.8754443
asparagine,num,Molecular,Metabolomics,5.7960216,5.2078121,5.2472286,6.1690401,5.3121371,5.6746667,4.6359284,5.2630557,5.2431507,5.4967207,4.7961842,6.100984,5.8310413,6.1730463,6.1323858,6.1043007,6.1602136,6.039715,5.3961411,5.645606,6.2960743,6.1801345,6.4152163,5.8033649,5.2396832,6.1764098,5.5098319,5.0388609,5.2804404,5.8234023,6.1590554,6.1868823,5.303103,6.1458589,4.9267733,6.095101,6.3221855,6.1940385
glutamine,num,Molecular,Metabolomics,5.9800258,5.8889827,5.1080526,5.9708231,6.3469629,6.1720011,5.5258806,6.3312126,6.1162208,4.6943289,5.8865713,6.1011885,6.0257322,6.0528854,5.8279952,6.1827055,4.4317498,4.8917626,6.0750251,6.3315652,6.0737261,5.8356871,6.4134005,4.9942105,6.1637776,6.0888452,5.1977259,6.3961393,6.184949,6.0398396,6.0119025,5.4023985,5.9474581,5.2721335,5.9627736,6.0722313,6.0400354,5.9487755
histidine,num,Molecular,Metabolomics,5.7875772,5.8037622,5.7206288,5.7822917,6.1645768,6.2941888,5.8350736,6.2307822,6.1037886,6.0412985,5.9258173,5.8851766,6.1806008,5.9497322,5.7555637,5.7944893,6.2885532,6.5402844,6.201448,6.1354845,5.9083867,6.0053422,5.9315034,5.4352268,5.9200874,5.6701358,6.0862826,6.0539511,6.1124861,6.2364585,5.4517422,6.2462553,5.885687,5.6910485,6.1464618,5.155003,5.8081119,6.0305727
arginine,num,Molecular,Metabolomics,5.7507169,5.784018,5.9365147,6.1651725,5.7387468,6.2352018,5.7727339,5.7547558,5.8465001,5.6915775,5.8832775,6.1211802,5.9727007,6.0822529,5.911019,6.0931092,5.9727067,6.0033173,6.0928475,5.6354608,6.0884494,6.1894844,6.4369268,5.8882872,5.8900914,6.0912347,6.0866753,5.5700387,5.760424,5.8433193,5.7576696,5.871653,5.8025751,5.6562269,5.9485714,5.0669278,6.1153193,6.2964821
lysine,num,Molecular,Metabolomics,5.9167783,6.1383314,6.0812947,5.9220741,6.6173448,6.6020278,5.969276,6.4490956,6.5897779,5.9330224,6.2578937,5.9944806,6.2568135,6.007,5.7066014,5.9258464,5.9410799,6.3390346,6.5693565,6.4258009,5.8375181,5.9930293,5.9986801,5.8534328,6.1963121,5.7319842,5.8361453,6.356238,6.5224304,6.0257481,5.7083041,6.2420791,6.0989998,5.8606719,6.2103834,5.2671375,5.6014592,5.9001387
valine,num,Molecular,Metabolomics,5.9107235,5.8044637,6.1606386,5.8870028,6.4595216,6.4315926,5.9691775,6.4809144,6.4762259,5.6602469,6.1939778,5.7960719,6.2943641,5.8919782,5.7089803,5.847853,5.9423623,6.3867379,6.4010429,6.3858803,5.8488597,6.022438,5.8418001,5.8534932,6.1756743,5.7392889,5.6398532,6.31624,6.4976805,5.9753839,5.9291402,6.0957912,5.9507027,5.7361638,6.1017484,5.8103522,5.6290991,5.8661129
leucine,num,Molecular,Metabolomics,5.7679545,5.7171648,5.8854494,5.9185639,6.1490624,6.1815779,5.6674806,6.1681123,6.143509,5.6745608,5.912765,5.8700888,6.0277051,5.9132268,5.7601565,5.825891,5.780703,6.080137,6.1214701,6.1835303,5.8745972,6.168921,6.0481928,5.7686318,5.9112632,5.881587,5.1785494,6.1357209,6.1697394,5.4586686,5.9214283,6.0325065,5.7824564,5.6475445,5.8362507,5.4663054,5.8178446,5.9014975
isoleucine,num,Molecular,Metabolomics,5.7158034,5.4631243,5.8530763,5.9412507,6.1515082,6.1265547,5.6201416,6.1507122,6.1977218,5.3746276,5.8904451,5.8551928,5.9984222,5.9242351,5.7875669,5.8454675,5.6763508,6.0465315,6.0733023,6.1535485,5.9088808,6.1399627,6.093904,5.7713865,5.8921559,5.9200324,4.3569828,6.126634,6.1564004,4.6302609,5.9686215,5.9882205,5.5270423,5.6361482,5.8070748,5.4671822,5.8839763,5.9187745
phenylalanine,num,Molecular,Metabolomics,5.9538367,5.8881694,6.0914186,5.8102919,6.4219594,6.3587813,5.8966931,6.4935258,6.4096102,5.9585039,6.1586291,5.9210546,6.2873487,5.8839763,5.6495438,5.8345071,6.0565327,6.5262472,6.3415368,6.4633692,5.9053424,6.0922913,5.9676777,5.775052,6.1024079,5.7831792,5.3539051,6.3381611,6.4228846,5.7341273,5.8996744,6.2091858,5.9128233,5.8831627,6.0469997,5.5283519,5.7238007,5.805617
tyrosine,num,Molecular,Metabolomics,5.7777487,5.9105948,6.0170043,5.8296185,6.3389455,6.3260199,5.7970506,6.4195009,6.3339361,6.0626346,6.0549974,5.8779765,6.2044617,5.8470067,5.6543726,5.83159,6.0400456,6.4666659,6.2382868,6.4258533,5.8830104,6.1175388,6.0327868,5.8104796,6.0375684,5.7601323,5.2573372,6.2542561,6.3435021,5.6604901,5.9109687,6.0232634,5.9556341,5.6767804,5.949154,5.4040694,5.8651187,5.7951642
tryptophan,num,Molecular,Metabolomics,5.9365147,5.8364024,5.5678888,5.8924161,6.3100432,6.1744999,5.870787,6.1969504,6.34021,5.2994424,5.9492168,5.8576791,6.2522601,5.7921481,5.5409217,5.8519678,6.1762378,6.5409346,6.1951841,6.4395566,5.7084917,6.1711458,6.013599,5.836479,6.0605296,5.8171055,5.5759109,6.2682782,6.3342886,5.9224209,5.9234856,4.996014,5.9985319,5.4360424,6.0476006,5.4357889,5.778133,5.8976909
proline,num,Molecular,Metabolomics,5.7510355,5.9599595,6.2718518,5.780518,5.6742895,5.9564778,5.979545,5.9083385,5.7273457,6.2538082,5.8379859,5.9014483,5.8637399,5.7315341,5.737412,5.9075951,6.1849654,6.1348581,6.022631,5.7735648,5.9561545,5.9595181,5.8671427,5.8936144,5.847549,5.9285336,6.0305023,5.9650314,5.5858485,6.158514,6.0826754,6.0359871,6.0114359,6.293772,5.8772211,5.6328444,6.2284275,5.8377047
cis/trans-hydroxyproline,num,Molecular,Metabolomics,5.899488,5.5589893,4.9760955,6.0109133,4.7514791,5.1652277,4.9545209,5.047691,5.0678297,6.1257458,5.1302411,6.0386997,5.576057,6.0600131,6.1104352,6.0114419,6.2644259,6.0045002,4.960017,5.2276996,6.1347902,6.1000815,6.1813284,5.6306468,5.2390455,6.1111198,5.2765843,5.0930785,4.7843299,5.7277932,5.9672339,6.6783839,5.5272237,6.3458119,5.2954525,6.0833519,6.3940012,6.0934959
ornithine,num,Molecular,Metabolomics,6.4194049,6.2415315,5.6926074,6.0538091,5.9498546,6.1918415,5.681468,5.9775518,5.8749445,6.2717856,5.8660521,6.1126378,5.6313984,6.5861299,6.3598931,6.2704063,6.5201129,6.0569199,5.9039394,5.8070866,6.2659707,6.3539402,6.531016,5.7643275,6.067414,6.0703429,6.2342307,5.5673789,5.8092672,6.8672229,5.4922916,5.7529598,6.1264518,5.6888476,5.9327102,5.4411935,6.2043263,6.1905981
citrulline,num,Molecular,Metabolomics,6.2195339,6.0846374,5.6264696,5.9808224,5.8347491,6.1303516,5.6784603,5.6884774,5.8556911,6.7525615,6.0693784,5.9048697,6.2409523,6.2115632,5.9328439,6.0234726,6.336098,6.4014009,6.1979858,5.8567748,5.8414157,6.2251234,6.5991214,5.7783038,5.8966558,5.9626621,5.6032251,5.8848268,5.9048151,6.1119998,5.7721715,5.8702426,6.0317562,5.6915164,5.8528634,5.1788281,6.1351624,5.8498992
taurine,num,Molecular,Metabolomics,5.0035383,5.9975487,6.007475,5.9441888,5.5513124,5.5878893,6.3669984,4.6798894,5.3244842,5.3589863,6.1933404,5.1410403,5.7640201,5.0647013,5.2434212,5.017081,6.1685496,6.2096969,5.8936993,5.4694384,4.8982836,5.7136108,5.5006192,5.8586492,5.9360231,6.0494348,5.8139977,6.1329942,5.6115872,5.7964941,5.6078973,4.342814,6.1735769,6.037596,5.9819293,5.7421833,5.8838664,5.6983675
5-HIAA,num,Molecular,Metabolomics,6.295099,5.9784332,5.8028979,6.0558153,5.7291731,5.718972,5.7785183,5.2728623,5.6932151,6.3510035,6.0093039,5.8170071,6.1152021,5.8016312,6.4779888,5.936206,5.8648555,6.1646717,5.8101014,5.7502384,5.8294194,5.4770765,6.1568396,5.8858083,5.670321,5.8847261,6.0939612,5.7976933,5.9648756,5.9402609,5.7461634,5.606145,5.9382361,5.8061063,6.1063807,5.9992835,5.775735,5.7821878
serotonin,num,Molecular,Metabolomics,6.6268514,6.7084753,5.803689,5.693314,6.17085,6.0700495,5.7029454,5.3296053,5.77638,6.2240868,6.6173582,6.3723894,6.6035032,6.5105855,6.3771559,6.0884636,5.9290221,6.6227658,5.7599596,5.80121,5.6233669,6.0215632,6.4328823,5.6070052,6.0207287,6.2428568,6.3477026,4.7650541,5.9354416,6.5495056,5.4543183,5.8874777,6.8042514,6.5011237,6.5617151,5.4052767,5.5894844,5.8336428
GABA,num,Molecular,Metabolomics,6.0465848,6.6057274,5.7272682,6.0887533,5.1296931,6.0644211,5.7828592,5.4558748,6.0529155,6.7418394,5.3840282,5.6978508,6.3907357,5.9021075,5.7215939,6.4633715,5.5973568,6.1370959,6.1425998,6.230537,5.9456993,7.3022977,5.6820894,5.0879988,5.6743202,6.3927797,5.134893,7.1874958,5.9519091,6.5387352,6.6004621,6.0598517,5.6118334,6.2741611,5.3914487,6.792029,5.89616,5.8769323
acetylglycine,num,Molecular,Metabolomics,6.1030332,6.0326254,5.7809273,5.8723975,5.798653,5.9654474,5.6949545,5.7572177,5.9046242,6.0127948,5.8415507,5.8291168,5.9249246,5.9061806,5.779657,5.7137338,5.8723852,5.9081861,5.6443211,6.0181997,5.9705414,5.6720785,6.2846017,5.8653233,5.8889923,5.7458236,6.1269427,5.8472232,5.7081207,5.7388854,5.7911493,5.6769791,6.0058891,5.7583767,5.8737995,5.996435,5.8982584,6.0901327
dimethylglycine,num,Molecular,Metabolomics,6.2463009,5.9895871,5.444694,5.9740793,5.8220069,5.997454,5.7178649,5.7800812,5.9215347,6.3936157,6.05549,5.9776482,6.0342726,6.3474116,6.1717905,5.9468285,5.9280098,6.025437,6.0810651,5.9532644,5.9387552,5.945865,6.6811566,5.8647181,5.8074999,5.9772534,5.8058136,6.1487505,5.8281194,5.9377369,5.9003626,5.8511556,6.0601896,5.8044611,5.8098824,5.4174834,5.9824521,5.7631467
homocysteine,num,Molecular,Metabolomics,5.4039136,5.9952149,5.7661415,6.0953659,6.0403768,5.1633704,5.8758044,5.6331512,5.6363325,6.715032,6.1401845,5.7079783,6.4139627,5.8761583,5.8832704,5.4039326,6.4349906,6.3486263,5.4002511,6.1578633,5.6003365,5.4224975,6.1803954,5.9186985,5.9065423,5.9129454,5.5245796,6.266738,6.3708698,5.434085,5.85905,5.7590999,6.150858,6.0795637,5.3447157,5.7560902,6.6294365,5.689453
SDMA/ADMA,num,Molecular,Metabolomics,6.23564,6.020991,5.5491784,5.8559354,5.8248604,6.1129257,5.763061,5.7552499,5.9142532,6.207467,5.8824873,5.9516029,5.9079892,6.186427,6.0250621,5.9129877,6.1001793,6.0839136,5.9491686,5.8745929,5.8982284,6.0582095,6.2770682,5.660878,5.7724286,5.8110518,5.8027384,5.793535,5.8042957,6.0615043,5.430312,6.0335955,6.0844071,5.8939959,5.8839763,5.2023728,6.1531488,5.8348504
NMMA,num,Molecular,Metabolomics,6.1546607,6.0405474,5.7832368,5.8217731,6.0039149,6.2000304,5.9534865,5.8430215,6.0986899,5.9878703,6.0538156,5.9871967,5.9612606,6.0843538,5.9656897,5.8839763,6.1289364,6.0736757,5.9753674,6.0217415,5.8510073,6.0506447,6.453432,5.6686429,5.8124234,5.8124749,5.7115771,5.9309922,5.9582369,6.1476049,5.3951254,6.0504245,5.9251871,6.0172982,6.0556683,5.1700325,6.2631175,5.8047863
allantoin,num,Molecular,Metabolomics,6.2608377,6.0412511,5.580185,5.9736359,5.8935548,6.0901836,5.7007543,5.9138231,6.0083076,6.140163,6.0533532,5.9846368,6.02767,6.2665055,6.066147,5.8774506,5.8776949,5.894225,6.059443,5.8058998,5.9205981,5.9125748,6.4269553,5.8000195,5.816259,6.0263916,5.7737566,5.857184,5.8774668,5.949808,5.7195125,5.7672041,6.158114,5.7131211,5.8209168,5.4082983,5.9337502,5.8105769
anthranilic acid,num,Molecular,Metabolomics,6.122936,5.9375799,5.8737118,5.7912486,5.6021627,5.9847742,6.2244732,5.7681664,5.983926,7.1625537,5.8626834,5.9775745,5.829489,6.4082831,7.1384637,6.3059344,6.1039545,5.817224,5.8607474,5.7876668,5.7818766,5.7525246,6.4466814,6.028464,5.9390802,6.4897051,6.2605844,5.7700341,5.5403929,5.7995318,6.2820162,6.3885327,5.8920066,5.9160474,5.6793647,5.8095131,5.7262189,6.4470893
kynurenic acid,num,Molecular,Metabolomics,6.2762722,6.0697988,5.5770187,5.8839763,5.9995659,6.002246,5.4957829,5.6224298,5.9947974,6.547801,6.2788628,6.1483152,6.1556959,6.3894836,6.0825974,6.0306874,6.0139453,5.9672349,6.1198197,6.1314496,5.9621047,5.9133224,6.5533436,5.8277496,5.5556572,6.0114735,5.7020757,5.9863898,5.8837225,5.9217471,5.9849071,6.2146587,5.8563136,5.8300522,5.8211728,5.0141781,5.8711983,5.6593296
5-adenosylhomocysteine,num,Molecular,Metabolomics,5.6287807,5.7853822,6.340243,5.7078221,5.8594648,5.5595059,5.6760968,5.8215342,5.4651905,6.3357791,5.7200332,5.6898072,6.0242958,5.3065149,5.7059883,5.5482499,6.0849933,5.9306554,5.6130739,5.9443289,5.8751893,6.0282723,6.1022392,5.549105,5.9834221,5.8966394,5.9166495,6.1145341,6.1329866,5.8227217,5.4130493,5.9654097,5.4962329,5.9982248,5.097776,5.4740737,6.2417296,5.6991618
carnosine,num,Molecular,Metabolomics,6.5389129,5.9636513,5.4938576,5.9180948,5.9300138,6.2436535,5.6340987,6.0895283,5.9957026,6.3929704,6.0897087,6.0424723,5.8931691,6.4399034,6.3223794,6.3841411,5.9846365,6.0021884,6.0352417,7.0085554,6.0260169,6.1941831,6.3596998,5.8145245,5.8006343,5.8383836,5.785268,5.7812205,6.0737498,6.2865435,5.7738114,5.8909971,6.0948402,5.8009692,5.910986,6.0087289,5.8232367,5.874787
N-carbamoyl-beta-alanine,num,Molecular,Metabolomics,5.9559635,5.8936668,6.0459296,5.5308177,4.8220306,6.2456087,5.8698233,5.2571046,5.3028808,6.2479931,6.4393886,6.0801712,6.754791,5.4436938,5.9882709,4.8159253,5.8915951,6.8527366,5.6435934,5.4872532,4.7208695,6.8577661,6.7383124,6.2631466,6.3871212,5.7824379,5.7533178,5.9162788,5.0435126,5.002266,5.2412108,6.1827835,5.8839763,6.576789,4.9496679,5.4291669,6.2541468,6.1475933
thiamine,num,Molecular,Metabolomics,5.7626927,5.1806524,6.0657638,5.9196528,6.3411219,6.3596179,5.8238047,6.3155346,6.3750757,5.0775789,6.1231399,5.8844437,5.952559,5.8179757,5.7214397,5.8583239,5.5581286,5.9414081,6.3228896,6.3317221,5.8618499,6.0788078,6.1405341,5.8600505,6.1012046,5.9036599,5.3557616,6.1875078,6.3445082,5.6868992,5.7747205,5.2319428,5.2108518,5.451067,5.7863134,5.84188,5.9657913,5.8374432
niacinamide,num,Molecular,Metabolomics,5.9676229,6.4929242,5.5763871,6.0662681,6.5986825,6.3892677,5.447639,6.4454922,6.5720858,6.322187,6.0918519,6.0341766,6.0171168,6.0107348,5.7346699,5.9220543,5.705565,5.7350166,6.4048669,6.4164651,5.7602445,5.0062495,6.4058771,5.7664629,6.1146952,5.8893419,4.8775813,6.3202774,6.3541422,4.4652074,6.0038959,5.3604186,6.463939,5.7158295,5.7948589,6.1507937,6.0648267,5.8627674
betaine,num,Molecular,Metabolomics,6.0340799,6.0004375,5.7165166,5.9720367,5.7508637,5.9972932,5.6963249,5.7578089,5.8567155,6.0686644,5.9851981,5.7331513,5.8684544,6.0214676,5.8684213,5.9139379,5.859092,6.1699656,6.0106291,5.8792043,5.8303906,5.8931438,6.0084885,5.8595921,5.7745344,5.9160353,5.822273,5.8918525,5.9741349,6.3013984,6.0410655,5.8064839,5.9050747,5.7424546,5.8696964,5.8146812,5.8792185,5.846537
choline,num,Molecular,Metabolomics,6.0144491,6.1643598,6.0701479,5.9711584,5.8955131,6.3089126,6.1379793,5.9928733,6.0511087,5.9147632,6.1779403,5.7566196,5.8115995,6.0886179,6.0864134,6.1259437,5.7443358,5.7689493,6.3636855,6.1748346,5.6767185,5.2705604,5.7199083,5.7365014,6.1902746,5.97368,6.3683081,5.8332629,5.9653928,6.3438634,5.5466864,6.0261153,6.1509447,5.9942003,5.7815651,5.8635729,5.0808322,5.9049045
alpha-glycerophosphocholine,num,Molecular,Metabolomics,6.0034241,6.4329367,5.8447539,5.5469303,5.2399281,6.7054385,6.5548631,6.2173043,6.5887725,6.956376,5.749851,6.638755,6.410135,6.3899285,5.652595,5.8558483,6.3000833,6.9058129,6.2682436,5.5404112,6.1613249,6.2898838,5.5332091,5.516367,6.0954037,5.8511607,5.5390348,4.8472125,6.0565184,6.160042,6.0832883,6.5374131,5.2480676,6.0268497,5.8872374,5.2976946,5.3142621,6.0349242
acetylcholine,num,Molecular,Metabolomics,6.288886,6.5056447,6.4664736,5.8619732,6.1266674,5.1472952,4.4979572,6.720462,6.3657609,4.5603452,5.8036328,6.456799,6.4894757,4.1389235,5.8330334,6.1543231,6.4356462,5.868667,5.8576753,4.4886796,5.9558616,6.0723596,5.4232201,6.3625758,6.5567763,6.2874265,5.7040475,4.4514618,5.5105233,5.9780259,6.5361359,6.0463901,6.6125921,6.2952601,3.5979633,6.104276,6.8707755,4.0250193
creatine,num,Molecular,Metabolomics,5.7226867,6.2504446,5.2407214,5.9262734,6.0451781,5.4676998,5.8782379,5.7597132,5.556021,5.7213854,5.969919,5.9609819,5.7640294,5.6542446,5.5573284,5.7247344,6.0606587,5.9150985,5.4858774,5.983624,5.782887,5.8665828,6.0103731,5.4541481,5.0515411,6.1057342,5.63025,6.1663835,5.8193344,6.0790792,6.2974856,5.9048848,5.7763374,6.0795125,5.9067459,6.2228724,6.2589468,5.6757707
creatinine,num,Molecular,Metabolomics,6.2300998,6.1648933,5.4273033,5.9908541,5.9859269,5.9166548,5.5472763,5.7056395,5.7910598,6.1571946,5.9907932,5.9325847,5.8794122,6.163419,5.9673287,5.8970639,5.8733302,5.863314,5.8175031,6.0121732,5.8099465,5.7460176,6.2514777,5.8282553,5.653989,5.9985878,5.5276039,5.8809712,5.8535709,5.9145766,5.9756609,5.7922066,5.9125938,5.8369706,5.8256894,5.4155349,6.0672361,5.8702234
thyroxine,num,Molecular,Metabolomics,6.1846937,5.9370976,5.8027365,6.1422357,5.716103,6.1185024,5.9621192,5.4980619,6.1044049,6.3349746,5.979649,5.9385122,6.0254503,6.4235232,6.1341551,5.9238136,5.9563994,5.717724,6.020799,5.6474791,5.6017579,6.0286395,6.2821507,5.9735704,5.916162,5.7923524,5.8681654,5.6208855,5.8656826,5.6959657,5.777634,5.6802617,5.9474065,5.8099112,6.1142518,5.4337504,5.8819418,5.6182842
trimethylamine-N-oxide,num,Molecular,Metabolomics,5.7626479,5.8506945,5.5160817,5.8777497,5.6945143,5.9056854,5.842193,5.9199704,5.8279321,5.7088521,5.6592939,5.3817576,6.257561,5.9201401,5.9555858,5.8236445,5.7704852,6.0101557,5.9318156,5.7211764,5.8114312,5.7460139,5.7267355,5.8729684,5.8937618,5.8274809,6.2397414,5.5948959,5.7705303,6.0944126,5.7252384,6.0664345,5.390211,5.8202161,6.1138872,6.1496891,5.2107445,6.1653307
hexoses (HILIC pos),num,Molecular,Metabolomics,5.9634366,5.5811822,6.1166522,6.1968822,6.1011205,6.3403911,6.0491812,6.2189519,6.4259905,5.1562496,5.9679172,5.9370597,5.7457123,6.0597139,5.9056965,6.078501,5.8915082,6.4482699,6.5055864,5.8342786,6.1065671,5.7715759,5.8561816,5.4991767,6.3060721,5.8465076,6.1291122,5.6710554,6.3782926,6.0744658,5.774168,6.170526,5.2407844,5.8901569,5.9587319,5.5368264,5.5514265,6.2528831
adenosine,num,Molecular,Metabolomics,5.5870393,5.5060713,6.3766187,5.557088,5.4374713,5.7946094,6.0742686,6.1000837,6.411745,4.8211022,5.3915764,5.3538808,5.7555656,5.9528992,5.9935492,5.8439937,5.950256,6.7964427,5.6639091,5.5796033,6.9107718,6.9194133,4.3340028,6.6582404,6.8473771,6.237802,6.7815983,5.6950578,6.5807621,5.7394258,5.9803547,5.8214978,5.7759027,6.3221956,5.6253537,6.272326,5.9999079,6.433801
thymidine,num,Molecular,Metabolomics,6.6785106,5.9103823,6.003393,5.6219429,6.8257534,7.3017694,6.5184116,5.909185,6.0796858,6.2810502,5.7051912,6.5451041,6.806947,6.4414143,6.3042159,5.986327,5.858463,6.0265346,6.5217618,5.2726889,5.9396931,6.3696524,6.3926335,5.5411883,6.1130751,5.6478248,6.6855175,6.4172261,4.7954431,7.0209283,5.2473665,5.7274256,5.7006951,6.6093718,5.7266333,6.8067852,6.5574218,5.3444305
xanthosine,num,Molecular,Metabolomics,6.3081731,5.9815979,5.8258545,5.9663524,5.9724606,5.9645615,6.0074089,5.9684683,5.9795506,6.402209,5.9845394,5.9163026,5.8912943,6.1532509,5.9961246,5.8222574,5.7843249,6.1278267,5.9455364,5.8776859,5.9089437,6.2211109,6.3726315,5.6949962,5.722642,5.9837304,5.7248691,5.9840398,5.9288876,5.896015,6.0699271,5.8833943,6.1245862,6.1240538,5.7467201,5.7684399,5.987557,5.78296
2-deoxyadenosine,num,Molecular,Metabolomics,5.571985,5.9273604,6.6105218,6.1815027,6.0121878,6.4212359,5.8949365,6.3118045,6.0017363,6.0440691,5.5555454,5.8258693,6.1801212,5.596248,5.8083361,5.3455824,5.6542309,5.9813529,5.7790196,5.7595528,5.2168633,5.4179746,6.4765849,5.2529032,6.296295,6.4042253,5.7980756,5.4700776,5.7084708,6.0180883,6.4117583,5.9216131,5.9204836,6.8789578,6.0798885,6.3387897,6.793819,5.3207602
2-deoxycytidine,num,Molecular,Metabolomics,5.9911995,6.7074046,6.0366806,5.4191199,7.0182449,5.3497475,5.3835339,6.5071616,5.457389,6.101402,6.4587891,6.4325392,6.5415569,6.6061207,5.4007358,6.8651421,5.5028258,4.9716721,6.077082,5.1932374,5.6741215,6.3491627,6.8139786,5.4041792,6.3795752,5.1321901,5.8724548,5.9332852,4.6917413,5.337705,4.832109,5.1980135,5.5528374,5.9110436,5.9140529,6.7257461,7.653215,5.8582176
cAMP,num,Molecular,Metabolomics,5.7407841,5.7319176,5.8439448,5.7347556,5.6261784,5.5630887,5.8206846,5.8482691,5.9403867,5.8846575,5.828981,5.6872241,5.8873383,5.5376692,6.0959883,5.7155789,5.6926306,6.0718615,5.8925827,5.5795429,6.3101577,6.136196,5.3190665,5.7956304,6.12004,6.1037141,6.0867508,6.4217204,5.7823866,5.9267086,5.6928569,6.0510744,5.8426302,5.8915644,5.4027447,5.9979478,5.7340137,5.9962957
cotinine,num,Molecular,Metabolomics,5.5845488,5.9094898,6.4525881,5.913847,5.3117678,5.6865009,5.6456457,5.7721023,5.9282242,5.4939482,5.3214251,5.8937754,5.8839763,6.1010954,5.7884514,5.8402984,5.7881468,5.6676732,5.808085,4.9007581,5.8126568,5.8764057,5.0836157,5.5955244,6.4763163,5.8101451,5.9517799,4.987243,6.1094477,5.9047527,5.7169639,6.0193451,6.3710037,5.5755883,6.2122694,5.4912325,5.6794509,6.2566063
pipecolic acid,num,Molecular,Metabolomics,6.4740903,6.4201859,5.9162734,5.1852844,4.4701231,6.0874755,6.5255507,5.863828,6.1029587,6.1462122,5.2713092,6.5693383,5.513421,5.9202913,5.968552,4.9270771,5.9174684,6.1930852,4.9817081,6.6628749,4.8614319,4.9644774,5.1065037,5.7461163,6.2786573,5.3849133,5.2018825,5.3452012,5.8583435,5.8110744,6.6818768,5.8783331,6.3440394,6.1406153,5.9993598,6.4707622,6.4694833,5.7725511
pyroglutamic acid,num,Molecular,Metabolomics,5.7487986,5.8261164,5.9019883,5.8407124,6.4511085,6.0973779,5.8200058,6.1161844,6.2737116,5.9591123,5.898081,5.8953125,5.9884924,5.948286,5.8058206,5.960497,5.8313382,4.5680676,5.975278,6.2785486,5.8114431,5.9208675,6.4917585,5.9437087,5.9452611,5.8913159,5.3913952,6.2436027,6.199512,5.722037,5.9569185,5.7529509,5.8322756,5.9708151,5.8324022,5.2974215,5.9622222,6.0152817
1-methylnicotinamide,num,Molecular,Metabolomics,5.6020577,4.4067384,7.6683197,3.8338559,6.0736444,7.0339958,6.7388013,6.8709594,6.6556221,7.4833668,7.1483218,6.2438163,7.5465126,4.5259705,7.2296968,7.1769662,4.323785,7.6478024,7.0195818,6.6566615,7.6630563,7.561154,3.8587283,7.6661425,7.3225917,7.6803264,5.2148402,7.3240673,7.795489,6.0902386,5.6281023,7.4999919,7.732896,6.6440739,4.7089008,4.0994212,4.2529509,7.0641423
butyrobetaine,num,Molecular,Metabolomics,5.7835271,5.984889,5.8428371,5.9088285,5.9348136,5.9213769,5.8598178,6.1660582,5.667665,6.290904,6.0042907,5.9327105,5.414212,5.8238677,5.9875683,5.9719039,5.9175868,6.1315334,5.984811,6.3074483,5.8483984,6.0195952,5.8698274,5.8420013,5.7629406,5.8531039,5.9142619,6.3102468,6.2484149,6.599571,5.9884041,6.0253847,6.0638156,5.7844997,5.8297061,5.5900762,6.3398344,5.6104581
putrescine,num,Molecular,Metabolomics,5.8049398,5.8832111,6.0887818,5.7680911,5.3791204,5.8768627,5.2703551,5.3899616,5.76044,6.147355,5.905506,5.8700565,6.1274197,5.8775989,5.528211,5.8626849,5.9203683,5.7075128,5.5130682,6.2406562,6.0227558,6.2181408,6.2583297,5.7676037,5.9092889,6.3044543,5.3127438,6.179589,5.909491,5.5228734,6.3133739,5.7592507,5.7625227,6.1393573,5.0259179,6.0990167,5.6046955,5.8377112
methionine sulfoxide,num,Molecular,Metabolomics,6.0079337,5.7757265,5.9074284,5.959704,6.1893197,5.9542969,5.6585798,6.0761836,6.0280639,5.9686268,5.8192123,5.9421475,5.7906367,5.8631518,5.6496545,5.8737534,6.1447191,6.2616159,6.0705822,6.2554913,6.0051313,6.2241564,6.0536738,5.8294828,5.7666462,6.1020237,5.664209,6.0940212,6.0962812,5.7473516,6.0304312,6.4624852,5.5698967,6.345163,5.7704318,5.6675383,5.9023776,6.1107201
carnitine,num,Molecular,Metabolomics,5.6976211,5.9691601,5.8451712,6.0749804,6.1498078,6.0759729,6.1276476,6.301939,5.4722572,6.0215554,6.1196617,5.8992057,5.2883959,5.6200247,5.9590358,5.8949563,5.8256409,5.7805188,6.1367165,6.1744247,5.8625712,5.7667133,5.7461639,5.8213723,5.8987557,5.7756606,6.1349807,6.4416882,6.1678046,6.3510589,5.6636629,6.2037364,6.2855606,5.5216993,5.6122533,5.5820517,6.1606056,5.9317858
acetylcarnitine,num,Molecular,Metabolomics,5.8569767,6.0059782,5.8441479,5.9795902,6.0354951,6.0302919,5.7917948,6.1630283,5.2982342,6.3878821,6.0349606,5.5702635,5.2362633,5.6263264,6.1710784,5.924514,5.8055657,6.2129038,5.9819092,6.3361879,5.8963103,5.8506183,5.8839763,5.6768727,5.9068259,5.667473,5.8484009,6.3164064,6.1075523,6.6900366,6.1141806,5.9178057,6.3888345,5.8033831,5.7258553,5.6188764,6.293015,5.6432995
propionylcarnitine,num,Molecular,Metabolomics,5.9774204,5.9238947,5.1977481,5.7601622,6.2655417,6.0029443,5.505358,6.3694523,5.5866015,5.8916453,5.8379309,5.9858203,5.4856559,5.8296473,5.9268238,5.5345194,5.8112597,5.9676565,5.8603658,7.0447974,5.9189314,5.993245,6.0524568,5.7245217,5.4855052,5.5498387,5.3028707,6.2524994,5.9864959,5.9155002,5.8680219,5.9726452,6.5362823,5.6021036,5.8939207,5.6608225,6.5391984,5.5838537
malonylcarnitine,num,Molecular,Metabolomics,5.7853138,5.9180734,5.7167654,5.9511919,5.6586896,6.1420873,5.7521785,6.2583243,5.566847,6.263922,6.1256694,5.7546538,5.3327771,6.006007,6.1967092,5.7252094,5.8904554,5.4218578,5.8952273,6.6067382,5.8013372,5.9161374,5.9309341,5.865812,5.791258,5.9074173,5.8391378,6.2545434,5.8515049,6.4620807,5.9439678,5.8123332,6.2782928,5.5889994,5.7180656,5.5968946,6.2308873,5.684296
butyrylcarnitine/isobutyrylcarnitine,num,Molecular,Metabolomics,6.2141846,6.1929419,5.4546225,5.8102363,5.2557696,5.8352125,5.8263818,5.8418582,5.1473296,5.8839763,6.1883155,5.8974027,5.7463986,5.8401746,6.2978252,5.7862168,6.1774806,5.7413669,6.1498753,6.0031295,6.2215427,5.958051,5.0904124,5.8952864,5.3510392,6.0970164,6.4007423,5.5968511,6.6714273,7.0804677,5.7009988,6.3685021,6.0382185,6.1123201,5.7879123,5.9170352,5.7977016,5.5930122
valerylcarnitine/isovalerylcarnitine/2-methylbutyroylcarnitine,num,Molecular,Metabolomics,5.4529255,6.2391387,5.6578396,5.4541843,5.8906676,6.0225201,6.2235144,6.3472022,5.3883266,7.246227,6.5060417,5.5285081,5.0635591,5.929593,7.0007699,7.2577649,5.5954804,5.8350187,5.5734966,6.6254391,5.6832901,5.5149851,6.5345861,5.9053046,5.5106216,6.7141792,6.6653749,5.7164315,7.0332591,5.8033356,6.1703571,6.0082645,5.5791544,6.5066388,7.1607858,6.3393719,6.0141905,6.1517384
hexanoylcarnitine,num,Molecular,Metabolomics,5.8089862,5.7860833,5.6858523,6.013804,5.6148885,5.9831461,5.776799,5.8946134,5.6770009,6.2363272,6.1080133,5.7591535,5.4871261,6.5448565,6.2848329,5.8620181,5.7116417,5.688785,5.9393066,5.9868695,6.5943681,5.9728803,6.1742579,5.7499111,5.6262921,5.9598997,5.8839763,6.1936701,6.1532491,6.3693301,5.8859744,5.6940921,6.1039788,5.8578406,5.5914698,5.9171461,6.0310361,5.8032301
heptanoylcarnitine,num,Molecular,Metabolomics,5.7373679,5.4997828,5.8630929,5.9722833,5.7292862,6.1729904,5.5856203,5.8982657,5.9467691,6.0468854,5.8077373,5.9254712,5.7718129,6.4629638,6.2583254,5.8654757,5.8253892,6.0733964,5.8015336,6.0779913,6.2978592,6.0026668,6.3528799,5.4874811,5.872165,6.1009166,5.7766484,5.9046388,5.8815571,6.071649,5.7469231,5.8839763,5.8879634,5.8500459,5.6207191,6.073189,5.7969784,5.7461794
lauroylcarnitine,num,Molecular,Metabolomics,5.5769825,5.7640438,5.4156858,5.6986136,5.8692533,5.8532266,5.2557249,5.8505895,5.4816332,6.2008506,5.6023852,5.763153,5.2511046,7.0033516,6.5855032,5.7117436,6.0209348,5.5582905,5.9907162,6.2379849,7.0166981,5.8062376,5.5350759,5.9906083,5.7455034,5.5274864,6.1829044,5.9982366,7.2150687,6.1675854,5.8269272,5.904398,5.7032628,5.7460727,5.4637355,6.1840049,5.8453571,5.8722329
myristoylcarnitine,num,Molecular,Metabolomics,5.5804473,5.5661719,4.9816753,5.4415716,5.7142697,5.8290809,5.5499167,6.2958474,5.1474655,6.3291284,5.3206473,5.6878735,5.144934,7.0864917,6.3558343,5.5561988,6.0047438,5.4101985,5.6211269,6.1246232,6.674364,5.5186687,5.0762315,5.8839763,5.7942302,5.6697589,6.4490954,6.0562654,7.6040337,6.0764719,5.8625017,5.739425,5.8592467,5.4488394,5.5076241,6.3081428,5.6925192,5.689184
palmitoylcarnitine,num,Molecular,Metabolomics,5.4790847,5.6900872,4.9038048,5.5266155,5.7104608,5.4312018,5.8772716,6.1847401,5.5084041,6.4195736,5.1069997,5.624888,4.9576751,6.9858178,6.3406557,5.5742206,5.9389172,4.8680436,5.4174165,5.8473644,6.7010108,5.744653,5.0774154,5.7017719,5.7724802,5.2441723,5.9638455,6.0191823,7.9327642,6.0235983,5.7188276,5.9928079,5.7412244,5.2228916,5.6388307,6.3537888,5.7321926,5.8022838
stearoylcarnitine,num,Molecular,Metabolomics,5.4967319,5.579567,5.0994678,5.7208021,5.8813195,5.759164,6.2016339,6.2412755,5.9961303,6.5405797,5.0183468,5.5573415,5.261175,6.8643479,6.2612162,5.9174876,5.9702056,5.2195163,5.400335,5.934589,6.389464,5.6737544,5.0096542,5.7593892,6.3936585,5.5301631,5.4890918,5.5717582,8.0771157,6.0726052,5.6088574,6.1003115,5.7027224,4.713162,5.6320739,6.4251273,5.6606951,6.3745297
oleylcarnitine,num,Molecular,Metabolomics,5.4722473,5.7197261,5.0546104,5.0536367,6.1469582,5.7962106,6.2274972,6.2037441,5.6227667,6.5204702,5.0969059,5.5721344,5.2735925,7.2378154,5.8981598,5.3983364,5.9813515,5.0287176,5.481127,5.7999607,6.2445908,5.3264844,5.2339109,5.7399563,6.0324065,5.348478,6.0210534,6.0275315,8.0618591,5.6418416,5.6623357,5.7976465,5.7364785,5.1164742,5.6487893,6.1886481,5.6962633,5.7724419
arachidonyl_carnitine,num,Molecular,Metabolomics,5.7295399,5.7864032,5.6563647,5.7405283,5.6623704,6.0913816,6.1215714,5.9185271,5.8608349,5.7287126,5.3487144,5.7860486,5.7115399,5.9007039,5.6199153,6.1221941,5.7332905,5.9790721,5.8040502,5.8014078,5.8211332,5.507005,5.3659121,5.7484913,5.8000687,5.7361097,6.3024709,5.4526081,5.9508466,6.2428762,5.8174417,5.7433435,5.6831842,5.6827344,5.8583334,6.0137108,5.8706425,6.1301887
sarcosine,num,Molecular,Metabolomics,5.7924175,5.7288281,6.0569455,6.01186,5.662477,5.8009605,5.6981601,6.1836198,5.8510906,6.110723,5.8656786,6.0180413,5.848287,5.8734511,6.0374932,5.7422727,5.7570485,6.0873395,5.8864906,6.0729637,6.0326166,6.0068375,5.9336764,5.9243605,5.8157976,5.7792913,6.0170139,6.1342513,5.9199642,6.0495365,5.7224343,5.8000831,6.2385834,5.7664042,5.9538391,6.0880435,6.1329013,5.4124554
beta-alanine,num,Molecular,Metabolomics,5.4447699,5.9790024,6.3938199,5.7942247,5.3482867,5.3899231,6.6844546,5.3030736,5.4977397,5.711121,6.5762448,5.4178582,6.0728586,5.4427698,5.6060834,5.232017,6.3475379,6.3526297,5.6840188,5.7521802,5.3640682,5.9610932,5.4743135,5.9984902,6.1614257,5.8811212,5.6844553,6.4815248,6.0185171,6.1372989,5.9719054,5.4724154,5.9901542,6.2485411,5.61616,5.6748535,6.1080624,5.8839763
anserine,num,Molecular,Metabolomics,6.3263388,5.9957817,5.6424263,5.9130096,6.0164983,6.04782,5.5823163,6.0561937,5.8392957,6.2681366,6.0581068,5.9947528,5.8567385,6.3547801,6.3083004,6.239705,5.8978179,5.8370562,5.9870369,6.6040155,5.9303583,6.113592,6.4408117,5.7897524,5.8839763,6.0480566,5.7149695,5.8338756,6.0367633,6.2624811,5.7027795,5.7871504,6.1021804,5.8187592,5.8857085,5.8459507,5.9703743,5.7323131
C14:0 LPC,num,Molecular,Metabolomics,7.0519632,5.6066825,5.7639347,5.755219,5.9362175,5.7370524,6.0646882,5.8028064,5.3968951,5.6288463,6.3028822,5.8642883,6.3962941,6.2526554,6.0815495,5.9281421,6.1723457,5.9074495,5.5913893,5.9833878,5.7588029,5.9134519,5.7035689,5.7170416,6.0014985,6.299818,6.5097092,5.7375352,5.3832993,5.9089045,5.9541293,5.5823826,5.8893179,6.0968332,6.3493134,5.9331756,6.0092216,5.6916184
C16:1 LPC,num,Molecular,Metabolomics,6.7125839,5.8112869,5.6998841,6.2029122,6.0516818,5.939142,6.2449216,5.8392271,5.3618289,5.8874147,5.7319248,5.7555886,6.1568824,6.3444476,5.9032821,5.6351008,6.0927597,6.0125981,5.8240075,5.9576278,6.0906069,5.6543844,5.7716912,5.3304669,6.1115646,6.3447428,6.4398942,5.7593057,5.7203154,5.6417318,6.0156325,5.7067131,5.6803702,6.370026,6.5336834,5.5434611,6.3343916,5.9654257
C16:0 LPC,num,Molecular,Metabolomics,6.6114821,5.7707186,5.6045888,5.8521968,5.9851457,5.9506189,6.1784508,5.7840527,5.4524532,5.9127658,6.2931577,5.6643018,6.5863829,6.3135674,6.1203145,5.9758777,5.8736426,5.8157251,5.4326008,5.9569065,5.8567926,5.7743138,5.7778564,5.5872818,6.2405411,6.2153913,6.511602,5.3540882,5.7064803,5.9814951,6.1814263,5.888023,5.6499531,6.4102594,6.2995764,5.6496075,6.1074077,5.8689143
C18:2 LPC,num,Molecular,Metabolomics,6.563579,5.7863404,5.8462495,6.0873759,5.9202098,6.2933895,6.3056534,5.7239425,5.8401183,5.7141791,5.8801347,5.4721262,6.2590469,6.2896758,5.9317172,6.0134206,5.9149572,6.1371527,5.9381265,5.7312504,5.8454785,5.4623288,5.8311912,5.8647383,6.3090367,6.1650606,6.8090157,5.649382,6.1845016,6.0005176,6.0240322,5.6833064,5.6159011,6.1727548,6.4611003,5.4900001,5.9135726,6.3226607
C18:1 LPC,num,Molecular,Metabolomics,6.5399263,5.8441007,5.7299223,5.77423,6.033086,5.9238799,6.1857825,5.9774159,5.6106531,5.9692591,5.9480931,5.478595,6.4379807,6.225708,5.8841485,5.9122001,5.8719367,6.0191631,5.6062118,5.7681331,5.8633379,5.8495402,5.7037372,5.5023042,6.2348669,6.0901019,6.5949298,5.485308,5.7594794,5.8360496,6.3241479,5.7126095,5.6846172,6.3791557,6.3509072,5.2765013,6.1732474,6.1216993
C18:0 LPC,num,Molecular,Metabolomics,6.6806957,5.9064293,5.5855775,5.7526138,5.9240028,6.1756876,6.1840296,5.6737875,5.8126608,5.9715024,6.1158736,5.5354253,6.7848773,6.4397714,6.1701178,6.0759548,5.6922525,5.9689443,5.2885775,5.8967102,5.878232,5.5068822,5.8956507,5.7238537,6.3494424,6.3349719,6.6601925,5.3095995,5.7544297,5.8514805,6.6554409,5.6980235,5.7397692,6.4920656,6.2775224,6.0560757,5.7478883,6.0463668
C20:4 LPC,num,Molecular,Metabolomics,6.2196339,5.7660108,5.7475837,5.735129,5.8454854,5.8655711,6.0836914,6.0132412,5.6185081,5.9518938,5.8839763,5.6771763,6.3296298,6.0599991,5.8370603,5.857099,5.9299214,6.0412747,5.5693921,5.7610891,5.9224226,5.9225239,5.7353405,6.1325316,6.1216196,6.0783456,6.5447068,5.5384454,5.7130822,5.7934749,5.9992007,5.6686225,5.9567502,6.2576388,6.2715182,5.3498355,5.9310702,6.1141992
C20:3 LPC,num,Molecular,Metabolomics,6.434342,5.8839763,5.5544124,5.7597519,5.7866489,6.099156,6.1187033,5.787981,5.7641573,5.9365785,6.0493618,5.7189517,6.5943872,6.3136308,6.0356205,5.9894376,5.6720924,5.9044714,5.286076,5.8703517,5.9269924,5.4619351,5.8345237,5.7065429,6.1869361,6.2357967,6.4752806,5.3645673,5.6208154,5.9601885,6.4937971,5.6718311,5.7539121,6.3280781,6.2278403,6.0840078,5.7212456,6.1078529
C22:6 LPC,num,Molecular,Metabolomics,6.3620548,5.815085,5.5192261,5.8258965,5.7858728,5.9312067,5.9196662,6.0296913,5.9494446,5.8921487,5.7385778,5.753729,6.2220984,5.9927553,5.8018968,5.9691925,5.9151662,6.0589226,5.8921076,5.6566881,6.2272527,6.0351731,5.607846,6.0052674,6.073647,6.1266727,6.4172712,5.6412884,5.8937532,6.1145583,5.9921894,5.8167359,6.0001723,5.6492637,6.2581753,5.4971209,5.9459744,6.2138534
C16:0 LPE,num,Molecular,Metabolomics,6.05132,5.7649881,5.9133811,5.4706818,6.0543741,5.4118785,5.6290589,5.6481,5.6810568,5.1348447,6.3403821,6.0361967,6.3547324,5.5902325,6.3062417,5.6724397,5.7889526,6.1190826,5.9539342,6.192546,6.4740571,6.2895107,5.2888393,5.1746093,5.8317862,6.0640792,5.8011474,5.5526487,5.9109523,6.1698289,6.0442902,5.9116777,5.9859093,6.6469436,5.6570561,5.7308961,6.1230069,5.6180573
C18:1 LPE,num,Molecular,Metabolomics,6.0207667,5.6997686,5.9901981,5.7169728,6.0873905,5.3345419,5.8346099,5.6975666,5.5601808,4.9190575,5.8439681,5.7426532,6.1087924,5.6573281,5.8839763,5.7366956,5.7927637,6.2757531,5.8380761,5.974974,6.3556947,6.2323796,5.4207608,5.7188855,5.9050177,6.036711,5.9203854,5.5085119,5.918883,5.9130812,6.2134969,5.6833144,5.8527785,6.6497843,5.4401887,5.5848956,6.1833233,5.8918031
C18:0 LPE,num,Molecular,Metabolomics,5.8238883,5.5507653,6.2965216,5.758112,5.98547,5.4835476,5.6313579,5.631202,5.5507637,5.6492787,6.5922595,5.9124789,6.8369779,5.6280186,6.3143968,5.6964626,5.462217,6.0160805,5.5117479,6.1709475,5.9273753,5.7866794,5.7747602,5.9102468,5.7770733,6.1201288,6.1733792,5.5136169,5.636818,6.1957606,6.5916179,5.9653538,6.0074848,5.4939292,5.4897087,5.5241304,5.764229,6.0119572
C20:4 LPE,num,Molecular,Metabolomics,5.6745499,5.8100308,5.9599443,5.6003647,5.7495255,5.5142456,5.7428395,5.9261248,5.459065,5.8716875,5.7345077,5.8011251,5.9661296,5.8519703,6.0255975,5.6023,5.8527597,5.8471396,6.1369541,5.8336717,6.3045269,6.242372,5.3743627,5.9465007,5.7759392,5.8506227,6.3008523,5.6405312,5.628506,6.0929751,5.8255543,5.5778388,5.6324156,5.753852,5.7833111,5.9624097,5.796742,6.0245875
C22:6 LPE,num,Molecular,Metabolomics,6.575983,5.6555361,5.8282192,5.0568701,5.5027927,5.8459758,5.8630585,5.4811526,5.5227679,5.8252464,5.6110507,5.5853885,6.2262392,6.26357,5.9027918,5.0974533,5.4861907,6.3079102,6.1429783,5.7318644,6.7216925,6.4114365,5.5939988,5.5669079,6.3227084,6.144977,5.8265327,5.1718399,5.5720549,6.3106647,6.5356684,5.2064146,5.7808817,6.198862,5.9076742,5.9232551,5.7180288,5.7960691
C32:2 PC,num,Molecular,Metabolomics,6.1852808,5.8317257,6.019116,6.3873842,6.1449987,5.2520051,6.0118057,5.6750409,5.3340671,4.3058149,5.2947404,6.1122786,5.5801217,5.4654391,5.399441,5.9305419,6.4024702,5.8309314,5.1938489,6.006891,5.8302175,5.5877934,5.6225496,5.9136913,5.5034514,5.6490507,6.0483755,6.132936,6.0782179,5.2674537,5.2642377,5.5304849,5.6784517,5.8267288,5.718976,5.9419904,6.1817229,5.7335714
C32:1 PC,num,Molecular,Metabolomics,5.8270353,5.6705887,5.9040047,6.0198473,5.9278892,5.4153198,5.8042133,5.7174661,5.5424283,3.5955272,5.5369342,5.9077656,5.7863005,5.5837542,5.6482541,5.9116463,5.9820599,5.7834396,5.3487037,6.0374942,5.8461938,5.8686366,5.604376,5.8363888,5.7770257,5.765515,6.0857425,5.8090512,6.0166597,5.7933496,5.5703485,5.8659016,5.6964277,5.9121333,5.782553,5.7898296,5.9357296,5.9247914
C32:0 PC,num,Molecular,Metabolomics,5.652454,5.443684,5.8344956,5.5235487,5.7626239,5.7611979,5.9098132,5.1597488,5.9210887,5.4402434,5.8236814,5.8129097,5.8195788,5.7268132,6.0034,5.6455349,5.9264704,5.8926398,5.580317,5.5567553,5.722379,5.3579216,5.7519802,6.2289681,5.4849622,5.8847152,5.6569162,5.9487832,5.8173148,5.8776733,5.9781095,6.1103133,5.8925222,5.7884351,5.7899423,5.972333,5.6191313,6.0536733
C34:4 PC,num,Molecular,Metabolomics,6.4138702,5.9297194,5.8276793,6.0781745,6.0034308,5.6878998,6.2062989,5.825207,5.5597851,5.294276,5.3379488,6.0158467,5.6595694,5.7331479,5.5644387,6.1954247,6.1862073,5.9284337,5.3850437,5.8540129,5.9757663,5.5173372,5.485696,5.8671545,5.8234637,5.7545407,6.2352704,5.8984475,5.9762855,5.6365214,5.4933354,5.586089,5.8424202,5.5298353,5.8956268,5.9459384,6.0421852,5.8344032
C34:3 PC,num,Molecular,Metabolomics,6.2485579,5.9219615,6.0012422,6.1872915,6.1311161,5.8086125,6.0269711,4.9005301,5.7794357,5.0921129,5.2848114,6.0905742,5.7602927,5.7479558,5.6865443,5.85201,6.2889717,6.1904248,5.2849744,5.7538729,5.7755733,5.6345214,5.4967394,6.2358281,5.862804,5.8755817,6.1488485,5.864556,5.6200336,5.6802166,5.8108049,5.2340059,5.8758138,5.7216894,5.7146122,5.7682366,6.0496414,5.9349172
C34:2 PC,num,Molecular,Metabolomics,5.8885678,5.822128,5.9012049,6.0123083,6.0038743,5.6850542,5.9267733,5.864423,5.6479648,4.9054042,5.5717738,5.8773081,5.7498802,5.6256763,5.6817047,5.9018468,6.0761318,5.8863443,5.5144887,5.9431328,5.8790362,5.8142809,5.6074996,5.9375072,5.8228547,5.8329003,6.1179743,5.8503221,5.8138067,5.6909268,5.6716674,5.7299598,5.7098116,5.8353131,5.7573225,5.6817504,6.0058071,5.9229552
C34:1 PC,num,Molecular,Metabolomics,5.5637191,5.7180577,5.8004392,5.6965314,5.8722776,5.8120703,5.8467052,5.8542898,5.809375,5.0380653,5.7413165,5.8463295,5.8104722,5.6706454,5.7483597,5.9032269,5.8397071,5.8337243,5.3315557,5.9153621,5.7301683,5.6457025,5.5576202,5.898179,5.7968549,5.9181096,6.1726616,5.7379696,5.9326263,5.9906451,5.765849,5.9791347,5.7925632,5.8549755,5.7788764,5.8029779,5.7541646,5.9914427
C36:4 PC-A,num,Molecular,Metabolomics,6.294507,6.0529072,5.387606,5.8280771,5.9131102,5.575506,6.1359916,5.9132336,6.0452952,5.1067326,5.6846937,6.0365284,5.7693865,6.0434721,5.8539171,5.9375466,5.6831225,6.1199019,6.0027392,5.5040262,5.5973715,5.5213982,5.7400644,6.2549954,5.8548881,5.8446479,6.2444915,5.8891806,5.8621141,5.8729737,5.7654277,5.8318678,5.9556719,5.7196582,5.6405285,5.6977538,5.9402399,5.9191577
C36:4 PC-B,num,Molecular,Metabolomics,6.1267816,5.9218575,5.4394722,5.9877755,5.8724517,6.0069209,5.9432709,5.8590723,5.8582233,5.7673808,5.8503088,5.9057835,5.9924502,6.0030615,5.8083282,6.0608844,6.0061282,5.9773096,5.7290101,5.881175,5.9370401,5.9301015,5.5907459,5.9593653,5.8192142,5.8744602,6.1055957,5.6572954,5.8839763,6.1104022,5.6151967,5.6382935,5.9519481,5.5764347,5.9581208,5.9522961,5.6979778,5.8928115
C36:3 PC,num,Molecular,Metabolomics,5.7563079,5.8395631,5.7696374,5.9021336,5.6302504,5.8592338,5.9984336,5.98063,5.8479996,5.6198621,5.5164485,5.8121996,6.0472678,5.7629704,5.7314639,6.0036134,5.8839763,5.9882623,5.7185751,5.7227052,5.4961042,6.0742909,5.6097845,6.005187,5.8814525,5.6809221,5.9568733,5.6307625,5.8360508,5.8856436,5.803928,5.64773,5.8525188,5.8036136,5.8251625,5.7934575,5.688735,5.9974909
C36:2 PC,num,Molecular,Metabolomics,5.5836272,5.9237213,5.9173818,5.7778284,5.8618311,5.677786,5.9950978,6.0866542,5.7585777,5.495324,5.5365782,5.7250531,5.7847118,5.5585353,5.7062628,5.9180218,5.9276616,5.909263,5.6135025,5.8266231,5.867606,5.9255851,5.6228603,5.7472724,5.9172175,5.8459884,6.2058475,5.7898695,5.8964645,5.7871557,5.8495367,5.6929879,5.6358885,5.8624616,5.672061,5.58722,5.9550904,6.0327997
C36:1 PC,num,Molecular,Metabolomics,5.4761803,5.5705423,5.7971857,5.1652887,5.7966476,5.7217266,5.8569401,5.7024215,5.9479521,5.0322296,5.803178,5.8525284,6.1175825,5.7640521,5.8761285,5.839564,5.7186277,5.9869887,5.2777173,5.995438,5.4893723,5.5522095,5.4772056,5.6226925,5.9289359,5.8792509,6.1410525,5.5039433,5.8340513,5.9568758,6.1799479,6.0941456,5.7231019,6.0971684,5.896108,6.0489175,5.5879283,6.1877706
C38:6 PC,num,Molecular,Metabolomics,6.0476999,6.0668826,5.5753172,5.4715434,5.9045934,5.9413383,6.1007038,5.9181066,5.9387036,5.7119929,5.7939683,5.9382059,6.1011231,5.9223672,5.9685532,6.2129789,5.9948053,6.1279992,5.5509387,5.9243485,6.0106182,6.0591079,5.611325,5.8233604,6.1236314,6.0727339,6.0570765,5.6180345,6.0621243,6.3195541,5.5270331,5.7568044,6.0607984,5.6089717,6.0632591,6.0331997,5.2456909,6.03541
C38:5 PC,num,Molecular,Metabolomics,6.0632292,5.9620813,5.4936106,5.7943229,5.8894675,6.0110886,6.0346963,5.8657178,5.9351976,5.747199,5.6274664,5.77596,6.0983961,6.0074423,5.7767256,6.1066368,5.9935069,6.1188658,5.8670056,5.7436328,5.8574906,6.0505461,5.6644647,5.9569083,6.0496241,5.8882943,6.0479878,5.6228391,5.8713242,6.1639301,5.7702422,5.6129927,5.9566233,5.6548407,5.9951217,5.9493875,5.4286194,6.0402516
C38:4 PC,num,Molecular,Metabolomics,5.9358445,5.9151796,5.5728309,5.8797816,5.85989,5.905188,5.9253561,5.8403719,5.8855583,5.785048,5.5673079,5.6570118,6.0460136,5.9753993,5.6618908,5.8890844,5.8989388,5.9844071,5.7630304,5.785771,5.7059954,5.926116,5.5806149,5.7735069,5.8966381,5.6333821,6.1461789,5.6397853,5.7408676,5.8208589,5.8820995,5.497612,5.8096259,5.797362,5.9257373,6.0073586,5.7519242,6.037022
C38:2 PC,num,Molecular,Metabolomics,5.4672335,5.7954674,5.9189078,5.4497079,5.8601916,5.6047372,6.0405985,5.8054256,5.6981083,5.3518452,6.0029192,5.5133042,5.6224701,5.3190703,5.777965,5.7169081,6.2794641,5.4708197,5.2266821,5.7649222,5.7912215,5.7840383,5.6858162,5.663319,5.8865213,5.8648645,6.4347154,5.8314113,6.2725051,5.9604273,6.0107247,6.3228588,5.7703181,5.9166861,5.58507,5.6378574,5.9445804,6.0539914
C40:6 PC,num,Molecular,Metabolomics,5.977934,5.7504846,5.5992997,6.1118172,5.7674595,5.7150968,5.9066306,5.9614579,5.9212694,5.758655,5.7154268,5.6499211,5.8402355,5.5403851,5.7015872,5.8388427,5.6943065,5.8601199,5.6909007,5.6560544,5.9574157,6.1111903,5.432928,5.7278987,5.9458913,5.9443051,5.6583489,5.4646307,5.8596511,5.7255283,5.977868,5.6204226,5.9871196,5.7936599,6.3312431,6.0392032,5.4104763,6.1596657
C14:0 SM,num,Molecular,Metabolomics,5.8907157,5.5835465,6.1010335,5.8739016,5.7212855,5.8079299,5.9427179,5.8229412,5.846434,5.1464526,5.9278126,5.6087447,5.913975,5.831127,5.868201,5.8805505,6.2165726,5.9724652,5.5145754,6.0828272,5.8027842,5.6141967,5.6905611,6.199538,5.8956861,6.0098946,6.4291072,5.9803028,6.1358496,5.8470403,6.0961144,5.9036498,6.0520332,5.987788,5.6754035,5.4852882,5.5535412,6.04075
C16:1 SM,num,Molecular,Metabolomics,5.6584727,5.8323858,5.8981572,5.5736496,5.8331966,5.8922841,5.9505695,5.8839763,5.8842016,5.2145339,5.8894864,5.6625645,5.982113,5.8502705,5.9067123,5.9061138,6.1943426,6.0750988,5.4832275,5.7630177,5.721674,5.8156629,5.6917956,6.2122627,5.9393222,6.0871329,6.1881166,5.6378782,6.0815222,5.8553051,6.0248638,5.9159035,5.8954249,5.9749596,5.7212983,5.5968379,5.7524019,6.0550899
C16:0 SM,num,Molecular,Metabolomics,5.493415,5.3713866,5.9962219,5.58375,5.6816013,5.9809391,5.826853,5.7906678,5.9022128,5.1381711,6.0030879,5.7696546,6.0322286,5.7003791,5.8677828,5.7864484,6.1088291,5.9653224,5.5320619,5.9911683,5.830406,5.4788765,5.6466528,6.191967,5.8387467,6.1122815,6.1564178,5.8169494,5.9786587,6.0345888,5.995614,6.0881015,6.0574717,5.7866165,5.7487495,5.5433123,5.4165019,6.1036625
C18:2 SM,num,Molecular,Metabolomics,5.7965456,5.5407532,5.8142244,5.8285045,5.7701915,5.6951121,5.9180887,5.9350308,5.8195017,5.8805249,5.6148589,6.2704725,5.3548993,5.574621,5.837928,5.9832232,5.3775142,5.7887835,4.9701043,6.0726629,5.8125112,5.7868748,5.916616,5.9458068,5.566685,5.9532996,6.3201218,5.5071603,5.7952928,5.8922016,5.8387332,5.977989,5.881284,5.9246726,5.5603311,5.8967582,5.7185627,6.0421303
C18:1 SM,num,Molecular,Metabolomics,5.7819426,5.5062431,5.9005193,5.685609,5.3931596,5.9901647,6.1597276,5.6913599,6.0373444,5.5859095,5.6720857,6.0160878,6.1013426,5.871154,5.6882862,5.9508263,6.0407655,5.7020769,5.8608771,5.5929833,5.7521108,5.5167498,5.9191268,6.2801498,5.8936775,6.1739146,5.6714889,6.1730188,6.0832347,6.0837532,5.7550647,5.7693881,5.8462407,5.769066,5.7566464,6.0273663,5.6472256,5.917509
C18:0 SM,num,Molecular,Metabolomics,6.1164253,5.3130068,6.1584103,5.8874027,6.0490418,5.8726165,6.0265316,5.2111751,5.9441702,5.9383298,5.9897658,6.2341012,5.8434992,5.9810469,5.8612642,5.7059718,6.0478281,5.629805,5.4371023,5.8839763,6.2568687,5.5529604,6.0504594,5.9919415,5.638747,6.5472033,6.2058122,6.5036776,5.9583123,6.062491,5.9620849,6.3380849,6.1441733,5.758241,5.7164882,6.1197437,5.7286968,5.9030147
C22:1 SM,num,Molecular,Metabolomics,5.7072848,5.8324371,5.8252709,6.0619975,5.9578969,5.7257726,5.971635,5.9662195,5.816762,5.6129899,5.6722273,5.7614122,5.9897509,5.6797836,5.7232682,5.9351855,5.925559,6.0411781,5.8683045,5.8177988,5.8268882,5.9810037,5.6060478,5.7510368,6.0065265,5.8839763,6.0532543,5.7384349,5.8204698,6.0045077,5.7993806,5.6745528,5.740255,5.8458139,5.6928883,5.8351169,5.7410037,5.9830388
C22:0 SM,num,Molecular,Metabolomics,5.6898289,6.0215153,5.9321306,5.7381513,5.8918508,5.6197174,6.0372128,6.0884206,5.7235214,5.499141,5.4811531,5.634375,5.7984323,5.5060905,5.6865869,5.9067364,5.967383,5.9129217,5.5709316,5.8168406,5.8304624,5.9540741,5.6735891,5.9357749,5.9284182,5.8318997,6.1858362,5.80759,5.9042045,5.7746329,6.051207,5.6477597,5.9623163,5.8813609,5.6826148,5.9248888,5.7146414,6.0059457
C24:1 SM,num,Molecular,Metabolomics,5.6601539,5.27476,6.150639,5.5332823,5.835788,5.8438043,6.1280226,5.6642376,5.9726038,5.0744499,5.9785951,5.7366543,5.7596041,5.5028049,5.8270114,5.7397076,6.2332579,5.2371342,5.2867609,6.1217838,5.9095416,5.2101702,5.6898321,6.2468199,5.8567452,5.943408,6.4489825,6.0522545,6.3102926,5.9249961,6.0593652,6.2742776,6.0332117,5.8382603,5.7456344,5.4774362,5.424467,5.9926889
C24:0 SM,num,Molecular,Metabolomics,5.6438818,5.0865928,6.4232827,5.6142872,5.905515,5.8183455,5.7401493,5.7725248,6.2573512,5.2642678,6.0339867,5.9398932,6.5020608,5.593369,6.1984388,6.1217956,6.1511865,5.1877955,5.6149574,6.465876,5.9510231,4.982538,5.6019602,6.2032688,5.7704789,5.8611337,5.7315875,6.2864165,5.8951959,5.9445162,6.245363,5.942419,6.0788898,5.4610407,5.604616,5.3878416,5.2284236,6.0242123
C34:2 DAG,num,Molecular,Metabolomics,5.2279596,6.103898,5.6931173,6.1467995,5.9366494,5.0990721,5.2964233,5.5950754,5.538994,6.2139964,5.4655332,4.8926182,5.3722551,5.4189713,5.1494086,5.6258414,6.4707129,5.4293833,6.1341243,4.925079,6.3595833,5.9555009,6.4286462,6.0529941,5.1117662,6.1854496,6.1368336,6.6522463,5.1677597,5.7328056,5.2836171,5.7540785,5.2032325,5.0002303,6.4495996,5.6554897,6.3671965,6.6776794
C34:1 DAG,num,Molecular,Metabolomics,5.195319,6.2849331,6.2668428,6.0539026,6.2707122,5.7307511,5.986851,5.6479055,5.460904,5.7904026,5.473803,5.479647,5.8325634,4.6701393,5.415754,5.4056237,6.1409273,5.2019159,6.3201968,5.7501637,6.1214448,6.2486163,6.2046581,6.2711794,5.4200202,6.1049442,6.3117445,6.4722274,5.6002622,5.9611732,5.7784762,6.0875371,5.5013255,5.8183272,5.8642497,5.7039161,6.3556667,5.7308553
C36:2 DAG,num,Molecular,Metabolomics,5.5338953,6.2624759,6.1170052,6.4043595,6.0962081,5.327489,6.2692409,5.5744229,5.4934081,5.7419446,5.2705231,5.0676954,5.8411023,5.5080001,5.0077641,5.0442361,6.3515868,5.2793881,5.7879302,5.4974169,5.778812,6.1100371,6.0217311,6.2778397,5.4873968,5.7510904,6.3003447,6.2463727,5.5938427,5.3274039,5.7894751,5.900728,5.8453537,5.3222383,6.0742595,5.7627284,6.3735544,5.7579991
C36:1 DAG,num,Molecular,Metabolomics,5.4028277,5.9223493,6.1491908,5.9553296,6.028868,5.5142822,5.7813066,5.6119567,5.6380358,5.8006839,5.6950563,5.563477,5.829264,5.4706141,5.51573,5.4551299,5.949146,5.5967591,6.1690927,5.8723806,5.7897827,6.0224529,6.0215655,6.0925085,5.5508254,6.1101164,6.1540579,6.1836689,5.6932899,5.8495536,6.1356795,5.975381,5.7061147,5.8791344,5.8830651,6.0436495,6.0855937,6.107741
C14:0 CE,num,Molecular,Metabolomics,6.1588147,5.9898892,5.9119751,5.547515,6.3723426,5.8839763,5.7496443,5.8895207,5.8648672,5.9005664,5.8908386,6.2333221,5.8812936,5.9398042,5.8123308,5.9758828,5.8260958,5.7875818,5.8143157,5.8369393,5.7297304,5.5370441,6.2150376,5.7262064,5.906934,5.8437482,6.1457061,5.642893,6.0535084,5.8176461,5.962456,5.8795257,5.7197833,5.9484198,6.1020706,5.8831176,6.0636037,6.0196462
C16:1 CE,num,Molecular,Metabolomics,6.2083614,5.8333374,5.6528301,5.5061725,6.4286834,5.9044349,5.8109756,5.7595981,5.8940836,5.7453958,5.9161746,5.9662744,5.9748263,6.0283219,5.8103462,5.9722452,5.9510566,5.8105618,5.7700023,5.8771101,5.6938156,5.6993407,5.8928252,5.5352325,5.9776114,6.0290928,6.2119969,5.5426295,5.9560701,5.8224734,6.0654855,5.8161216,5.5826327,5.9536285,6.0948337,5.7324166,6.1229283,6.120219
C16:0 CE,num,Molecular,Metabolomics,5.9207849,5.8462216,5.6928858,5.6543843,5.9892909,5.8543672,5.9052397,5.7565304,6.0049903,5.8974547,5.8437393,5.9821742,6.0126105,6.0568768,5.9265,5.9838983,5.9763923,5.9152571,5.6347714,5.9121713,5.6141671,5.7067209,5.8364257,5.767673,5.7514244,5.9616383,6.1967274,5.721839,6.0309079,5.9389703,6.0015687,5.9380518,5.8065046,5.9036383,5.8439804,5.7297349,5.9573522,6.1168115
C18:3 CE,num,Molecular,Metabolomics,6.3866459,6.0528114,5.6786509,5.5561052,6.2079966,5.8680987,5.7253351,5.8762361,6.0215419,5.6825879,5.9986942,6.0340519,5.8498084,5.9554468,5.9854067,6.0524239,6.1195093,5.7674552,5.646234,6.0101729,5.4296732,5.4863176,5.681314,5.8532465,5.9104443,6.0021781,6.2591246,5.4577623,5.9205765,5.6713872,6.1696948,5.9384107,5.7252325,6.212179,5.6399374,5.6541774,6.2055093,6.2385105
C18:2 CE,num,Molecular,Metabolomics,6.4296296,5.9009304,5.5446077,5.5908985,6.2809097,6.0307818,5.8797,5.7169811,5.8848285,5.6762167,6.043333,5.9595229,6.0487479,6.0595074,5.903978,6.018838,5.9912681,5.9336795,5.8087179,5.9327666,5.7145549,5.7168571,5.6773384,5.784409,5.9599296,6.046038,6.2684962,5.5346989,6.0204976,5.8810556,6.2677891,5.8828154,5.7413956,5.9604806,5.9608552,5.4597295,6.1814178,6.2596621
C18:1 CE,num,Molecular,Metabolomics,6.1898515,6.0251469,5.7792351,5.5975763,6.4261578,5.8733568,5.9205847,5.7945427,5.8622105,5.8464128,5.9018917,6.1714125,5.8941331,5.8624214,5.8275618,5.9668735,5.8511266,5.7709335,5.8097671,5.8455511,5.8418963,5.5975652,5.9057834,5.7519587,5.8758802,6.0532684,6.1610348,5.6652432,5.8576903,5.827409,5.9114927,5.8965572,5.751803,5.9153376,6.1463697,5.6793053,5.9868808,6.1208462
C18:0 CE,num,Molecular,Metabolomics,6.1222429,6.1675009,5.8910721,5.5525565,6.4068286,5.6635799,5.8199719,5.8458556,6.0693623,6.0044652,6.1179863,6.3797902,5.9337585,6.0464819,5.9896444,5.7941166,5.9241455,5.7356521,5.4149119,5.8446227,5.4895151,5.3744937,6.2089338,5.8100422,5.4739886,6.0610828,5.8588286,5.6584242,5.8200719,5.8701707,5.9361846,6.0616136,5.8597803,6.0548975,6.4528861,5.8144401,5.8183029,6.3256582
C20:5 CE,num,Molecular,Metabolomics,6.4858316,6.2229611,5.5066749,5.0453664,6.1743384,6.0214362,5.8797364,5.8617021,5.9363086,5.7424751,6.0468772,6.2095452,5.951493,6.1366812,5.9678395,6.1123714,6.0155237,5.7582317,5.7004977,5.8916254,5.6360189,5.7158232,5.7097626,5.8313223,5.8655605,5.9639706,6.3031154,5.534758,5.976976,5.8334874,5.9865375,5.8745601,5.883294,6.1227946,6.159725,5.2433564,6.2145474,6.2247141
C20:4 CE,num,Molecular,Metabolomics,6.3820991,5.9663118,5.5679554,5.4594518,6.1413136,5.9202974,5.9232644,5.8158895,5.9879761,5.6928942,6.073746,5.9539338,6.0392506,6.0919172,6.0340966,6.0973163,6.0331279,5.8997029,5.8252676,5.9337213,5.6775058,5.703075,5.7255122,5.7257595,6.0463708,6.0046809,6.2821712,5.5634328,5.993963,5.9416079,6.1532996,6.0052902,5.7510653,6.0292408,5.9766546,5.5388835,6.1928315,6.2596284
C20:3 CE,num,Molecular,Metabolomics,6.4111968,6.0062602,5.7437903,5.4544712,6.1851298,6.0077324,5.8939426,5.7412658,5.7818365,5.7524865,6.0078923,6.1421412,6.1508419,6.0399056,5.9809281,5.9005366,5.9150379,6.0318311,5.7638307,5.8152072,5.6884525,5.6837556,5.9854719,5.7591368,5.9311439,6.0452515,6.1834531,5.4272355,5.8302356,5.8555645,6.2196825,5.9855749,5.7210558,5.9776543,6.2354622,5.9246785,6.1464152,6.230344
C22:6 CE,num,Molecular,Metabolomics,6.2088784,6.0379785,5.9683996,5.2968439,6.4555485,5.9839789,6.140314,5.8614388,5.8806921,5.7656436,6.0167452,6.1627751,5.8659332,5.9749954,5.970622,6.2143914,5.7640465,5.8722184,5.6490645,5.7897353,5.7304519,5.7649626,6.2110184,6.0988974,5.9135729,6.2051499,6.2147268,5.6580862,6.1684022,5.8293216,5.9138604,5.9430344,6.2147568,5.9647568,6.2811878,5.7341461,6.0344846,6.2497271
C46:2 TAG,num,Molecular,Metabolomics,5.9984753,5.9299484,6.025871,6.6713666,5.788511,5.7409617,5.7545782,5.7708837,5.9768348,5.4598206,5.5040204,5.9904348,5.4718609,5.9036634,5.5615656,5.8445683,5.8912068,5.7379482,5.728073,6.0302522,5.9655164,5.605167,5.63662,6.357038,5.4733668,5.7422471,5.925455,6.071761,5.7466956,5.6237931,5.9864981,5.6935955,5.8776356,5.6099039,6.2958185,6.5503846,5.3258849,6.0500095
C46:1 TAG,num,Molecular,Metabolomics,5.6533526,6.1918286,6.1077013,5.8847952,5.6325408,5.3414708,5.2356632,5.5730585,5.8517173,5.2329271,5.7331125,6.3886078,5.3738204,5.9495757,5.810366,5.6183008,5.7537635,5.4247947,5.9527058,5.8807069,6.3189015,5.4167162,5.7921557,6.2918911,5.1417204,5.46246,5.9476619,6.0523364,5.5174641,5.5140099,5.7665881,5.9574897,5.6663283,5.7785732,6.2764532,6.5822138,5.7035386,5.6615198
C46:0 TAG,num,Molecular,Metabolomics,5.4621245,5.7645942,6.3046466,5.7715022,5.8871791,5.5219054,5.5042693,5.7454128,5.9393347,5.4756843,5.9870652,5.8731374,5.6890542,5.6469827,6.4536676,5.8051918,5.7850357,5.6914975,6.236759,6.0474002,6.4055722,5.5891945,5.7920213,6.0883202,5.558876,5.7686419,5.9836134,5.9799161,5.5149096,5.7906315,5.7923436,6.1713626,5.3622808,5.8769804,5.9018756,6.3569582,5.5644209,6.005674
C48:3 TAG,num,Molecular,Metabolomics,6.2902961,6.3152625,5.9835531,6.9105985,5.9608208,5.2355504,6.1490397,5.8309034,6.1336731,4.5814776,5.0634193,5.9054052,4.9412956,5.8575759,5.2298405,5.7467392,6.0612914,5.1717337,5.2772597,5.8078052,5.512093,5.2381718,5.8669495,6.5260018,5.3206691,5.3960681,5.7501876,6.3180816,5.5121826,5.3744805,6.1978798,5.1887147,6.1190057,5.2502823,6.4646413,6.5932817,5.7154809,5.9224685
C48:2 TAG,num,Molecular,Metabolomics,5.8167246,6.1800518,6.0550242,6.5325849,6.1720991,5.2913552,5.6082861,5.7439246,5.6006271,4.4738489,5.3338816,6.0129402,4.7769789,5.8315203,5.4518914,5.816747,5.8854341,5.1027532,5.8824931,5.8903831,6.1902552,5.5615676,5.840385,6.2773493,4.4454147,5.249871,6.1012949,6.1710633,5.6460807,5.3148445,5.3725427,5.7315153,5.8556417,5.7926028,6.3161342,6.5074463,5.6526142,5.5115143
C48:1 TAG,num,Molecular,Metabolomics,5.4411307,5.9777841,6.1067373,5.9035845,5.7849794,5.2528324,4.9670033,5.5989714,5.7400079,4.4460883,5.9285782,6.2362514,4.9302807,5.6620462,6.0231018,5.5056993,5.5470176,5.0703367,6.128956,6.0121094,6.3723723,5.3080542,5.9259411,6.3495097,4.3597078,5.4843046,5.9576993,6.1454187,5.569252,5.7110812,5.0599856,6.151295,5.8526702,5.7912472,6.2866848,6.4647382,5.5096473,5.6713304
C48:0 TAG,num,Molecular,Metabolomics,5.4436821,6.0034247,6.1348712,5.5561789,5.8077982,5.1990018,4.7725029,5.6301091,5.8258487,5.1117527,6.3693941,6.3445702,5.8103229,5.6653394,6.7673918,5.8351911,5.7061797,5.4445166,6.4745027,5.9198242,6.6360754,5.5383802,5.914705,6.2793658,4.9773278,5.7997414,5.7642226,5.9224999,5.4611008,6.0652379,5.8020007,6.0921282,5.7649189,5.9439622,6.1349965,6.4337686,5.5686036,5.771752
C50:3 TAG,num,Molecular,Metabolomics,5.9538817,6.122698,5.9908214,6.7586273,6.223239,5.3510336,5.8910321,5.7039603,5.6338885,4.7630389,5.1963079,5.8506503,4.9399229,5.7510455,5.4449946,5.8008249,5.8578223,5.0271368,5.8406644,5.7750018,5.9353823,5.3523866,5.7955936,6.2974479,5.105262,5.1572121,5.9505893,6.2152185,5.6062244,5.165348,5.507886,5.5393612,5.8781246,5.5290041,6.4797097,6.3973354,5.690735,5.5567456
C50:2 TAG,num,Molecular,Metabolomics,5.6663908,6.1491952,6.062437,6.1927904,6.1291046,5.1899112,5.7568917,5.7264843,5.5810161,4.778395,5.523836,5.9680397,5.1246174,5.4415469,5.5851011,5.7280957,5.6870165,5.2399481,5.8675514,5.9815684,6.1268146,5.4964304,5.8795794,6.2146467,4.8115919,5.4083453,6.1087413,6.149741,5.7362051,5.4393192,5.0302668,5.9402668,5.9551029,5.8661205,6.3952971,6.3013917,5.4486242,5.5234082
C50:1 TAG,num,Molecular,Metabolomics,5.3289685,5.8679791,6.0793935,5.5639014,5.8156941,5.2901419,5.1245172,5.6225147,5.8120995,4.9629072,5.9955093,6.1765783,5.4857574,5.5543785,6.0711108,5.5455679,5.4399257,5.2877921,6.2923343,5.9912807,6.2500684,5.3829816,6.0830363,6.2359766,4.9902028,5.6546471,5.8100837,6.0645503,5.5592899,5.8373389,5.3061747,6.252771,5.8944909,5.9684964,6.4099243,6.3072238,5.3755874,5.6693255
C50:0 TAG,num,Molecular,Metabolomics,5.1717522,5.928859,6.2198984,5.4033779,5.5124754,5.1395491,5.0697828,5.8549624,6.0566242,5.3708186,6.3315698,6.2429968,5.7820463,5.4592813,6.8312904,5.7679806,5.4761589,5.3815222,6.5026566,5.8873827,6.2576375,5.3420391,5.9740272,6.0486017,5.2526803,5.5819708,5.5887983,5.8839763,5.3677527,6.0843458,5.4573719,6.0998236,5.778656,6.1001739,6.317485,6.2079896,5.2595842,6.1840758
C52:5 TAG,num,Molecular,Metabolomics,6.24033,5.5817689,5.6897087,6.8301197,5.7595948,5.7659322,5.8001912,5.7145716,6.0725962,5.4855363,5.8342375,5.8734531,5.5624676,6.2243959,5.648321,6.0108323,5.6237969,5.2292826,6.1453414,5.4390217,5.6280446,5.5453438,5.591362,6.4657501,5.4233795,5.5322572,5.6373401,5.7027907,5.6663004,5.3480421,5.6601812,5.3987229,6.2507543,5.4314586,6.5562068,6.2733153,5.7487869,5.7827628
C52:4 TAG,num,Molecular,Metabolomics,6.0316539,5.8877388,5.7503194,6.8894046,5.9159004,5.6129781,5.9548334,5.8156807,5.8852043,5.1978599,5.3221307,5.8208805,5.304847,5.8635644,5.4812302,5.6400871,5.7497861,5.1675451,5.8647285,5.7091086,5.5816472,4.9308503,5.7430101,6.2883291,5.3704039,5.3687082,5.6027196,5.9766957,5.5097331,5.2309949,5.4016915,5.5666406,6.0602053,5.43088,6.547428,6.2638116,5.5021271,5.6793803
C52:3 TAG,num,Molecular,Metabolomics,5.7438154,5.9853021,5.97472,6.440451,6.086624,5.3947834,6.0221938,5.9157387,5.7635797,5.0064664,5.3875626,5.7385142,5.0866416,5.4750064,5.4663614,5.7785552,5.7669612,5.3624391,5.918599,5.8265558,5.8423684,5.5140021,5.8684738,6.1378047,5.2251207,5.1869686,6.0668444,6.0920048,5.6826248,5.2628131,5.1400093,5.7236679,5.8989701,5.8296788,6.401524,6.0954026,5.3537237,5.6715289
C52:2 TAG,num,Molecular,Metabolomics,5.5091722,6.0629776,6.0141379,5.8513807,6.1263034,5.3342407,5.8392154,5.752119,5.7653279,5.2070965,5.6434532,5.9499545,5.3481483,5.5547122,5.5689839,5.6299193,5.5541253,5.3808658,5.9976392,5.8251695,6.0120185,5.418909,5.8947687,6.1750459,5.0925866,5.5610978,5.8998589,5.9709436,5.7900338,5.7341342,5.1062493,5.9500926,6.1219014,5.9673617,6.4419309,6.0725867,5.2736271,5.6339281
C52:1 TAG,num,Molecular,Metabolomics,4.5120196,5.6000448,6.0855462,5.4733346,5.4535444,5.2984731,5.5772869,5.8451126,6.0652925,5.3435541,5.940861,6.0349416,5.4863753,5.5841117,6.1104749,5.9456122,5.3319403,5.3904236,6.2633202,5.9557557,5.918709,5.1429019,5.8893307,6.0718946,5.2577827,5.5181937,5.3223207,5.9770737,5.5632352,5.6946003,5.6572825,6.1527504,6.1647908,6.2293431,6.4325633,6.1930072,5.0034148,6.0523403
C54:7 TAG,num,Molecular,Metabolomics,6.2066003,5.8583085,5.8514527,6.2798946,5.6972172,5.7357728,6.2664414,5.6131698,6.2596482,5.54398,5.5868534,6.0374551,5.4531198,5.8802859,5.4051266,6.1019517,5.5953419,5.4005316,6.1227502,5.5974768,5.5805395,5.7513987,5.6945128,6.0420268,5.6387461,5.3341967,5.8014636,5.7724539,5.8661999,5.566983,6.0664868,5.4571571,6.1968312,5.6638414,6.3534724,6.1869989,5.3738238,5.6846194
C54:6 TAG,num,Molecular,Metabolomics,6.2136618,5.5316173,5.8783998,7.0845583,5.9086478,5.8516443,5.9659,5.7931722,6.2131383,5.6206114,5.2914882,5.9378526,5.526179,6.054965,5.7380709,6.1369467,5.7537763,5.3716067,6.0139573,5.6909442,5.5715852,6.0565283,5.6184707,6.2862125,5.3808883,5.2723286,5.767135,5.5919554,5.8218346,5.5929869,5.6895397,5.6371172,6.2928641,5.6827111,6.327665,6.1421187,5.5964116,5.8047466
C54:5 TAG,num,Molecular,Metabolomics,6.208195,5.6629141,5.8956144,6.3852337,5.9607478,5.8997122,5.9859947,5.8637032,6.1741831,5.4267589,5.5939056,5.8064409,5.2305994,6.0904888,5.711827,5.8975638,5.2815713,5.7863077,5.778058,5.7211747,5.5935888,5.3974362,5.7799358,6.3298424,5.3154638,5.3542349,5.8803834,5.7447337,4.9741027,5.6513325,5.3912834,5.6485031,6.3202707,5.7097211,6.5744282,6.2692855,5.4195901,5.7502508
C54:4 TAG,num,Molecular,Metabolomics,5.9763088,5.8696263,5.7387111,6.596713,5.6838891,5.6384034,6.0217359,5.8863832,6.0081523,5.2228788,5.733057,5.6512495,5.0686019,5.9580736,5.2188944,5.8271686,5.617521,5.5790207,6.0788626,5.5336398,5.4872914,5.3999608,5.7748337,6.173813,5.402333,5.2559433,5.8543529,5.9265164,5.6151038,5.1362902,5.1147622,5.7796132,6.1776709,5.6052194,6.6576275,6.1675099,5.1533093,5.6125237
C54:3 TAG,num,Molecular,Metabolomics,5.6892374,6.0249432,5.9765579,6.1604733,6.0719291,5.3288097,6.2808268,6.0053734,5.7217004,5.2729902,5.4417299,5.6911105,5.125391,5.4115258,5.3222185,5.8857064,5.676748,5.3984298,5.7801652,5.586259,5.7202326,5.8262985,5.8699877,6.052179,5.2035943,5.3122848,6.2353632,5.9359613,5.7591894,5.4255838,5.0410928,5.7373905,6.1319111,5.8201026,6.4830841,5.8839763,5.3480133,5.6107972
C54:2 TAG,num,Molecular,Metabolomics,5.3666569,5.8854209,6.1162171,5.5217643,5.5604402,5.2901485,5.9253234,5.7863023,5.957403,5.4079483,5.7314064,5.8815291,5.2330095,5.4086088,5.6208531,5.7236605,5.6330105,5.4407237,6.082715,5.8076241,5.7648909,5.4667519,5.9065644,6.1249761,5.252473,5.39006,5.7813288,6.0338723,5.6584515,5.5919414,5.3455351,6.1006799,6.2926226,6.0660406,6.4390556,6.088567,5.1055929,5.908644
C54:1 TAG,num,Molecular,Metabolomics,6.00449,5.1843114,6.2244466,5.4319775,5.377167,5.2200644,5.3337889,5.6978788,6.1943077,5.5443346,6.0727016,5.4783981,5.5932076,5.5806762,6.1832799,5.6138004,5.5501464,5.3755004,6.0580257,5.9066651,5.688108,5.3573987,6.0443244,5.9280086,5.3642746,5.2449506,5.5349395,5.9990739,5.4190981,5.6425074,5.8309061,6.2113242,6.1984813,6.0871707,6.4981108,6.1126886,4.8371014,6.2094291
C56:8 TAG,num,Molecular,Metabolomics,5.9454632,6.0586668,5.9129186,5.3247596,5.2071922,5.8217284,6.1360349,6.2005148,6.0586004,5.2885811,5.8570063,5.8701866,6.0182679,5.707743,5.5103814,5.4724437,5.8477219,5.424396,6.1085355,5.735771,6.1842578,5.6921286,5.2689266,6.0601327,5.9347893,5.6082193,6.3788115,5.3917929,5.2565231,5.6203282,5.9250438,6.0474634,5.9475929,5.2305481,6.0615438,6.1310377,5.9303669,5.8182432
C56:7 TAG,num,Molecular,Metabolomics,6.1330539,5.7520425,5.9877478,6.3368739,5.7501567,5.9658565,6.5071482,6.0323296,6.4880931,5.578931,4.9433273,5.9574369,5.7439978,5.7336218,5.5016562,6.2814361,5.5271182,5.7033309,6.2853491,5.6755409,5.4382322,5.952081,5.921139,6.2291611,5.4855662,5.2953885,5.5863666,5.8589105,6.0372721,5.4256006,5.460172,5.467167,6.5304956,6.0117288,6.3395709,6.1467207,5.3970012,5.6508713
C56:6 TAG,num,Molecular,Metabolomics,6.1770071,5.6714852,5.7091185,6.5765746,5.5380908,6.0047977,6.1569097,5.4876945,6.2954763,5.5982065,5.9516224,6.0330748,5.7878405,6.0155813,5.5102351,6.1244326,5.6445743,5.4592211,6.1941716,5.7516415,5.4013552,5.6659394,5.7243856,6.209056,5.6382823,5.4223122,5.7618068,5.6220439,5.641139,5.6452044,5.4086348,5.5279754,6.3656799,5.4100231,6.4830603,6.05692,5.3968468,5.7494781
C56:5 TAG,num,Molecular,Metabolomics,6.1369438,5.6300193,5.6538117,6.676023,5.3582872,5.9527548,6.2127617,5.6700685,6.2400387,5.519359,5.8666728,5.6930639,5.4627189,6.1323909,5.5070688,5.8313168,5.5497387,5.3807915,6.0127721,5.5372697,5.5354833,5.7082655,5.5019944,6.0612234,5.2883616,5.335683,5.5698583,5.5492255,5.6365057,5.3855794,5.513385,5.6123911,6.4426202,4.9524625,6.7043569,6.1898069,5.0818623,5.6244457
C56:4 TAG,num,Molecular,Metabolomics,5.8991461,5.6872407,5.836497,6.4376065,5.7571303,5.6274362,6.2282186,6.0433133,6.2381077,5.3229886,5.8713301,5.6051516,5.167394,5.7866382,5.2821265,5.8046082,5.508075,5.3136844,5.9824373,5.6950866,5.5932531,5.7748532,5.867105,6.0042999,5.3105352,5.262258,5.710676,5.922211,5.8648504,5.3200133,5.3945183,5.9570648,6.2647944,5.5298907,6.576629,6.0553505,5.3430752,5.5970603
C56:3 TAG,num,Molecular,Metabolomics,5.373586,5.7892068,6.0063225,5.9604359,5.7994282,5.3689066,6.3441857,6.0878807,5.8481066,5.3414775,5.6894808,5.4633657,5.1248535,5.3492861,5.3598574,5.5735394,5.9448777,5.1248403,5.8145685,5.6645382,5.5389598,6.1995583,5.9995521,5.96463,5.3496174,5.1735683,5.9203083,6.1324032,5.770647,5.5013651,5.1148032,5.890627,6.2194291,5.7292103,6.3482331,5.7654619,4.9758586,5.5920482
C56:2 TAG,num,Molecular,Metabolomics,5.6083233,5.686884,6.0458832,5.5690756,5.5187777,5.2024413,5.9124954,5.6379647,5.9985381,5.3956781,6.1570093,5.8333918,5.2874379,5.4616473,5.6182706,5.625398,5.9001775,5.1838458,5.9761296,5.6616424,5.5347668,5.7964431,6.2229698,6.0290523,5.2194865,5.3186697,5.7753559,6.2697845,5.422721,5.5795672,5.583791,6.3749754,6.2839485,5.8140926,6.3988764,5.7682962,5.172536,5.7412663
C58:8 TAG,num,Molecular,Metabolomics,6.3381484,5.6928302,5.9587546,6.0937158,5.5496843,6.2101827,6.8540899,5.8079911,6.4759965,5.4974945,5.6923035,5.6982169,5.5669991,6.0488758,5.1847583,6.2322577,5.6685462,5.4439666,6.2089895,5.2808802,5.3844637,6.012121,5.7734776,6.2023391,5.5616927,5.2641055,5.9937462,5.6517836,5.881577,5.2073085,5.3453757,5.1957506,6.6381931,5.5498495,6.4953308,6.1767426,5.3177372,5.5614878
C58:7 TAG,num,Molecular,Metabolomics,6.2644876,5.5864885,5.8704402,6.136057,5.3674236,6.5224188,6.785332,5.7921932,6.6314381,5.3753728,6.1809674,6.0561346,5.3218991,5.8516646,4.8912564,5.9755608,5.5341823,5.2344249,6.0835857,5.2702051,5.2019222,5.9912454,5.624353,6.1522466,5.7512502,5.085013,5.8366231,5.5021712,5.4997024,5.0066703,5.1642061,5.2343733,6.5335795,5.3983809,6.425759,5.5123238,5.0913448,5.434597
C58:6 TAG,num,Molecular,Metabolomics,5.8585296,5.6302728,5.4457934,6.6277248,5.5107747,6.146232,6.3210548,5.719241,6.4827586,5.4740109,6.061096,5.5538411,5.6704336,6.0864259,5.3856168,5.9374076,5.5483328,5.6264941,6.146553,5.2720241,5.4012539,5.7438679,5.633711,6.1731181,5.4967588,5.3659692,5.4975343,5.5065768,5.7396044,5.4401037,5.568735,5.734039,6.0873879,5.0855091,6.5998292,5.6288953,5.1221851,5.757013
